"GEO_ID","NAME","B19013_001E","B19013_001M",
"Geography","Geographic Area Name","Estimate!!Median household income in the past 12 months (in 2022 inflation-adjusted dollars)","Margin of Error!!Median household income in the past 12 months (in 2022 inflation-adjusted dollars)",
"860Z200US73949","ZCTA5 73949","58309","17848",
"860Z200US73960","ZCTA5 73960","-","**",
"860Z200US75001","ZCTA5 75001","77598","10453",
"860Z200US75002","ZCTA5 75002","119301","7551",
"860Z200US75006","ZCTA5 75006","79672","5896",
"860Z200US75007","ZCTA5 75007","105969","3510",
"860Z200US75009","ZCTA5 75009","153658","11287",
"860Z200US75010","ZCTA5 75010","98567","3974",
"860Z200US75013","ZCTA5 75013","149549","13737",
"860Z200US75019","ZCTA5 75019","136679","9901",
"860Z200US75020","ZCTA5 75020","64734","4639",
"860Z200US75021","ZCTA5 75021","61198","5020",
"860Z200US75022","ZCTA5 75022","179892","17123",
"860Z200US75023","ZCTA5 75023","101246","4944",
"860Z200US75024","ZCTA5 75024","114623","4152",
"860Z200US75025","ZCTA5 75025","134740","9321",
"860Z200US75028","ZCTA5 75028","143712","9419",
"860Z200US75032","ZCTA5 75032","132756","15521",
"860Z200US75033","ZCTA5 75033","165218","9292",
"860Z200US75034","ZCTA5 75034","104323","6904",
"860Z200US75035","ZCTA5 75035","154811","6225",
"860Z200US75036","ZCTA5 75036","137902","11865",
"860Z200US75038","ZCTA5 75038","69678","6327",
"860Z200US75039","ZCTA5 75039","100474","9421",
"860Z200US75040","ZCTA5 75040","70592","3276",
"860Z200US75041","ZCTA5 75041","62744","9719",
"860Z200US75042","ZCTA5 75042","60118","4956",
"860Z200US75043","ZCTA5 75043","72079","4469",
"860Z200US75044","ZCTA5 75044","84016","5593",
"860Z200US75048","ZCTA5 75048","126792","9887",
"860Z200US75050","ZCTA5 75050","68421","1988",
"860Z200US75051","ZCTA5 75051","49485","2997",
"860Z200US75052","ZCTA5 75052","84055","4221",
"860Z200US75054","ZCTA5 75054","154412","14465",
"860Z200US75056","ZCTA5 75056","111589","7250",
"860Z200US75057","ZCTA5 75057","73935","8963",
"860Z200US75058","ZCTA5 75058","113194","20821",
"860Z200US75060","ZCTA5 75060","67479","3138",
"860Z200US75061","ZCTA5 75061","58236","3046",
"860Z200US75062","ZCTA5 75062","68692","3514",
"860Z200US75063","ZCTA5 75063","106909","6950",
"860Z200US75065","ZCTA5 75065","95403","9855",
"860Z200US75067","ZCTA5 75067","75224","3769",
"860Z200US75068","ZCTA5 75068","119464","8295",
"860Z200US75069","ZCTA5 75069","74967","9334",
"860Z200US75070","ZCTA5 75070","101188","5054",
"860Z200US75071","ZCTA5 75071","124763","8812",
"860Z200US75072","ZCTA5 75072","147321","8334",
"860Z200US75074","ZCTA5 75074","78441","4473",
"860Z200US75075","ZCTA5 75075","89081","6819",
"860Z200US75076","ZCTA5 75076","71910","13385",
"860Z200US75077","ZCTA5 75077","120254","8999",
"860Z200US75078","ZCTA5 75078","178254","12962",
"860Z200US75080","ZCTA5 75080","86341","5277",
"860Z200US75081","ZCTA5 75081","88161","4224",
"860Z200US75082","ZCTA5 75082","108869","6975",
"860Z200US75087","ZCTA5 75087","124583","8454",
"860Z200US75088","ZCTA5 75088","101995","6286",
"860Z200US75089","ZCTA5 75089","119332","8844",
"860Z200US75090","ZCTA5 75090","56323","6358",
"860Z200US75092","ZCTA5 75092","62741","2953",
"860Z200US75093","ZCTA5 75093","121360","6312",
"860Z200US75094","ZCTA5 75094","152461","11053",
"860Z200US75098","ZCTA5 75098","112198","7944",
"860Z200US75101","ZCTA5 75101","50455","6325",
"860Z200US75102","ZCTA5 75102","65850","16138",
"860Z200US75103","ZCTA5 75103","67878","8053",
"860Z200US75104","ZCTA5 75104","84760","5194",
"860Z200US75105","ZCTA5 75105","-","**",
"860Z200US75109","ZCTA5 75109","73021","12533",
"860Z200US75110","ZCTA5 75110","51048","4616",
"860Z200US75114","ZCTA5 75114","96484","17385",
"860Z200US75115","ZCTA5 75115","81895","5344",
"860Z200US75116","ZCTA5 75116","57245","4904",
"860Z200US75117","ZCTA5 75117","93373","19191",
"860Z200US75119","ZCTA5 75119","77225","8615",
"860Z200US75124","ZCTA5 75124","76013","4761",
"860Z200US75125","ZCTA5 75125","63684","16888",
"860Z200US75126","ZCTA5 75126","101456","6757",
"860Z200US75127","ZCTA5 75127","58330","4408",
"860Z200US75132","ZCTA5 75132","-","**",
"860Z200US75134","ZCTA5 75134","65114","8914",
"860Z200US75135","ZCTA5 75135","88369","8810",
"860Z200US75137","ZCTA5 75137","81160","9647",
"860Z200US75140","ZCTA5 75140","44091","9256",
"860Z200US75141","ZCTA5 75141","45213","16291",
"860Z200US75142","ZCTA5 75142","75072","12062",
"860Z200US75143","ZCTA5 75143","64178","6357",
"860Z200US75144","ZCTA5 75144","60154","10233",
"860Z200US75146","ZCTA5 75146","68001","9725",
"860Z200US75147","ZCTA5 75147","49167","6720",
"860Z200US75148","ZCTA5 75148","57917","6810",
"860Z200US75149","ZCTA5 75149","64858","5156",
"860Z200US75150","ZCTA5 75150","66265","4755",
"860Z200US75152","ZCTA5 75152","81772","8035",
"860Z200US75153","ZCTA5 75153","95066","38141",
"860Z200US75154","ZCTA5 75154","95035","6211",
"860Z200US75155","ZCTA5 75155","56912","12510",
"860Z200US75156","ZCTA5 75156","52464","7310",
"860Z200US75157","ZCTA5 75157","-","**",
"860Z200US75158","ZCTA5 75158","88125","23710",
"860Z200US75159","ZCTA5 75159","69301","5893",
"860Z200US75160","ZCTA5 75160","67102","5144",
"860Z200US75161","ZCTA5 75161","74932","25827",
"860Z200US75163","ZCTA5 75163","54741","11020",
"860Z200US75164","ZCTA5 75164","52736","2504",
"860Z200US75165","ZCTA5 75165","83970","4673",
"860Z200US75166","ZCTA5 75166","123653","10981",
"860Z200US75167","ZCTA5 75167","117254","10605",
"860Z200US75169","ZCTA5 75169","56445","5522",
"860Z200US75172","ZCTA5 75172","63003","20580",
"860Z200US75173","ZCTA5 75173","96636","11217",
"860Z200US75180","ZCTA5 75180","57827","9054",
"860Z200US75181","ZCTA5 75181","107734","9962",
"860Z200US75182","ZCTA5 75182","152632","34763",
"860Z200US75189","ZCTA5 75189","114068","6801",
"860Z200US75201","ZCTA5 75201","102891","7730",
"860Z200US75202","ZCTA5 75202","113843","9986",
"860Z200US75203","ZCTA5 75203","43376","5380",
"860Z200US75204","ZCTA5 75204","88142","6940",
"860Z200US75205","ZCTA5 75205","180698","15747",
"860Z200US75206","ZCTA5 75206","84784","4575",
"860Z200US75207","ZCTA5 75207","88655","14458",
"860Z200US75208","ZCTA5 75208","75699","5420",
"860Z200US75209","ZCTA5 75209","116477","13307",
"860Z200US75210","ZCTA5 75210","26822","6175",
"860Z200US75211","ZCTA5 75211","53614","3731",
"860Z200US75212","ZCTA5 75212","47089","4762",
"860Z200US75214","ZCTA5 75214","115304","12673",
"860Z200US75215","ZCTA5 75215","39486","4807",
"860Z200US75216","ZCTA5 75216","33889","2420",
"860Z200US75217","ZCTA5 75217","49841","2948",
"860Z200US75218","ZCTA5 75218","104026","9351",
"860Z200US75219","ZCTA5 75219","86826","12838",
"860Z200US75220","ZCTA5 75220","56849","4573",
"860Z200US75223","ZCTA5 75223","66875","6101",
"860Z200US75224","ZCTA5 75224","50061","3644",
"860Z200US75225","ZCTA5 75225","180181","16090",
"860Z200US75226","ZCTA5 75226","67612","5249",
"860Z200US75227","ZCTA5 75227","54743","3784",
"860Z200US75228","ZCTA5 75228","55848","2249",
"860Z200US75229","ZCTA5 75229","117083","11038",
"860Z200US75230","ZCTA5 75230","109589","11166",
"860Z200US75231","ZCTA5 75231","50603","1929",
"860Z200US75232","ZCTA5 75232","52739","3937",
"860Z200US75233","ZCTA5 75233","61750","12590",
"860Z200US75234","ZCTA5 75234","85105","6282",
"860Z200US75235","ZCTA5 75235","57744","5410",
"860Z200US75236","ZCTA5 75236","45739","3354",
"860Z200US75237","ZCTA5 75237","38552","4730",
"860Z200US75238","ZCTA5 75238","71352","4539",
"860Z200US75240","ZCTA5 75240","51607","5684",
"860Z200US75241","ZCTA5 75241","45356","6752",
"860Z200US75243","ZCTA5 75243","47319","3752",
"860Z200US75244","ZCTA5 75244","109440","10765",
"860Z200US75246","ZCTA5 75246","42429","15353",
"860Z200US75247","ZCTA5 75247","18750","6070",
"860Z200US75248","ZCTA5 75248","98584","7082",
"860Z200US75249","ZCTA5 75249","79162","15886",
"860Z200US75251","ZCTA5 75251","85294","8654",
"860Z200US75252","ZCTA5 75252","77147","6222",
"860Z200US75253","ZCTA5 75253","51642","8569",
"860Z200US75254","ZCTA5 75254","70901","6464",
"860Z200US75261","ZCTA5 75261","-","**",
"860Z200US75270","ZCTA5 75270","-","**",
"860Z200US75287","ZCTA5 75287","60256","4347",
"860Z200US75390","ZCTA5 75390","-","**",
"860Z200US75401","ZCTA5 75401","51882","5071",
"860Z200US75402","ZCTA5 75402","78277","2599",
"860Z200US75407","ZCTA5 75407","87839","9491",
"860Z200US75409","ZCTA5 75409","89444","17971",
"860Z200US75410","ZCTA5 75410","77778","20575",
"860Z200US75411","ZCTA5 75411","47857","40622",
"860Z200US75412","ZCTA5 75412","62000","18538",
"860Z200US75413","ZCTA5 75413","-","**",
"860Z200US75414","ZCTA5 75414","78776","8490",
"860Z200US75415","ZCTA5 75415","115446","89207",
"860Z200US75416","ZCTA5 75416","70000","25493",
"860Z200US75417","ZCTA5 75417","53370","8106",
"860Z200US75418","ZCTA5 75418","58790","4916",
"860Z200US75420","ZCTA5 75420","59826","16677",
"860Z200US75421","ZCTA5 75421","57688","36087",
"860Z200US75422","ZCTA5 75422","65093","21263",
"860Z200US75423","ZCTA5 75423","55288","20911",
"860Z200US75424","ZCTA5 75424","85364","13847",
"860Z200US75426","ZCTA5 75426","39203","7079",
"860Z200US75428","ZCTA5 75428","51205","10776",
"860Z200US75429","ZCTA5 75429","-","**",
"860Z200US75431","ZCTA5 75431","42201","18111",
"860Z200US75432","ZCTA5 75432","64286","16481",
"860Z200US75433","ZCTA5 75433","80116","7246",
"860Z200US75434","ZCTA5 75434","-","**",
"860Z200US75435","ZCTA5 75435","37321","17221",
"860Z200US75436","ZCTA5 75436","75179","26646",
"860Z200US75437","ZCTA5 75437","83611","26480",
"860Z200US75438","ZCTA5 75438","92083","24633",
"860Z200US75439","ZCTA5 75439","61250","21647",
"860Z200US75440","ZCTA5 75440","61127","4645",
"860Z200US75441","ZCTA5 75441","16474","691",
"860Z200US75442","ZCTA5 75442","81839","17570",
"860Z200US75446","ZCTA5 75446","55744","5447",
"860Z200US75447","ZCTA5 75447","101875","41862",
"860Z200US75448","ZCTA5 75448","80098","25611",
"860Z200US75449","ZCTA5 75449","62500","32262",
"860Z200US75450","ZCTA5 75450","-","**",
"860Z200US75451","ZCTA5 75451","47902","7654",
"860Z200US75452","ZCTA5 75452","69911","11444",
"860Z200US75453","ZCTA5 75453","98518","15001",
"860Z200US75454","ZCTA5 75454","137903","11429",
"860Z200US75455","ZCTA5 75455","57120","5462",
"860Z200US75457","ZCTA5 75457","70192","27603",
"860Z200US75459","ZCTA5 75459","71389","12885",
"860Z200US75460","ZCTA5 75460","43884","3986",
"860Z200US75462","ZCTA5 75462","66884","5476",
"860Z200US75468","ZCTA5 75468","69832","43250",
"860Z200US75469","ZCTA5 75469","79018","41554",
"860Z200US75470","ZCTA5 75470","97581","71111",
"860Z200US75471","ZCTA5 75471","53221","15596",
"860Z200US75472","ZCTA5 75472","56941","13958",
"860Z200US75473","ZCTA5 75473","80699","14174",
"860Z200US75474","ZCTA5 75474","62461","8203",
"860Z200US75475","ZCTA5 75475","-","**",
"860Z200US75476","ZCTA5 75476","56250","23620",
"860Z200US75477","ZCTA5 75477","80375","46323",
"860Z200US75478","ZCTA5 75478","54688","14569",
"860Z200US75479","ZCTA5 75479","72368","7323",
"860Z200US75480","ZCTA5 75480","69005","15524",
"860Z200US75481","ZCTA5 75481","61000","24182",
"860Z200US75482","ZCTA5 75482","63312","4683",
"860Z200US75486","ZCTA5 75486","89750","31092",
"860Z200US75487","ZCTA5 75487","35729","21274",
"860Z200US75488","ZCTA5 75488","62303","17464",
"860Z200US75489","ZCTA5 75489","77273","14705",
"860Z200US75490","ZCTA5 75490","83516","15882",
"860Z200US75491","ZCTA5 75491","73988","10377",
"860Z200US75492","ZCTA5 75492","106806","24953",
"860Z200US75493","ZCTA5 75493","55625","29952",
"860Z200US75494","ZCTA5 75494","65955","5900",
"860Z200US75495","ZCTA5 75495","89781","28066",
"860Z200US75496","ZCTA5 75496","71250","15237",
"860Z200US75497","ZCTA5 75497","57368","16367",
"860Z200US75501","ZCTA5 75501","44064","4913",
"860Z200US75503","ZCTA5 75503","68977","6724",
"860Z200US75550","ZCTA5 75550","70192","20178",
"860Z200US75551","ZCTA5 75551","63929","10051",
"860Z200US75554","ZCTA5 75554","44630","8495",
"860Z200US75555","ZCTA5 75555","50579","7277",
"860Z200US75556","ZCTA5 75556","73214","24875",
"860Z200US75558","ZCTA5 75558","90244","26462",
"860Z200US75559","ZCTA5 75559","52983","15027",
"860Z200US75560","ZCTA5 75560","51394","35661",
"860Z200US75561","ZCTA5 75561","55288","3999",
"860Z200US75562","ZCTA5 75562","-","**",
"860Z200US75563","ZCTA5 75563","50108","11472",
"860Z200US75564","ZCTA5 75564","-","**",
"860Z200US75565","ZCTA5 75565","19107","9285",
"860Z200US75566","ZCTA5 75566","62159","17112",
"860Z200US75567","ZCTA5 75567","59069","9352",
"860Z200US75568","ZCTA5 75568","50134","8864",
"860Z200US75569","ZCTA5 75569","41850","17389",
"860Z200US75570","ZCTA5 75570","64304","4896",
"860Z200US75571","ZCTA5 75571","51450","7242",
"860Z200US75572","ZCTA5 75572","41600","9521",
"860Z200US75573","ZCTA5 75573","64792","50699",
"860Z200US75574","ZCTA5 75574","70801","9010",
"860Z200US75601","ZCTA5 75601","60634","5326",
"860Z200US75602","ZCTA5 75602","54656","7126",
"860Z200US75603","ZCTA5 75603","58750","15681",
"860Z200US75604","ZCTA5 75604","66109","3160",
"860Z200US75605","ZCTA5 75605","73582","5564",
"860Z200US75630","ZCTA5 75630","38750","8633",
"860Z200US75631","ZCTA5 75631","80703","26606",
"860Z200US75633","ZCTA5 75633","62244","12849",
"860Z200US75638","ZCTA5 75638","53409","3635",
"860Z200US75639","ZCTA5 75639","32727","11158",
"860Z200US75640","ZCTA5 75640","80833","27926",
"860Z200US75641","ZCTA5 75641","42500","16065",
"860Z200US75642","ZCTA5 75642","-","**",
"860Z200US75643","ZCTA5 75643","55000","23841",
"860Z200US75644","ZCTA5 75644","54579","6491",
"860Z200US75645","ZCTA5 75645","70315","14669",
"860Z200US75647","ZCTA5 75647","53016","7768",
"860Z200US75650","ZCTA5 75650","84531","11787",
"860Z200US75651","ZCTA5 75651","65030","30101",
"860Z200US75652","ZCTA5 75652","65905","9672",
"860Z200US75654","ZCTA5 75654","58839","12182",
"860Z200US75656","ZCTA5 75656","51676","6510",
"860Z200US75657","ZCTA5 75657","48848","3238",
"860Z200US75658","ZCTA5 75658","-","**",
"860Z200US75659","ZCTA5 75659","-","**",
"860Z200US75661","ZCTA5 75661","56600","14383",
"860Z200US75662","ZCTA5 75662","64717","9589",
"860Z200US75667","ZCTA5 75667","68309","21191",
"860Z200US75668","ZCTA5 75668","48214","13212",
"860Z200US75669","ZCTA5 75669","81155","17966",
"860Z200US75670","ZCTA5 75670","37106","8302",
"860Z200US75671","ZCTA5 75671","-","**",
"860Z200US75672","ZCTA5 75672","68853","7901",
"860Z200US75680","ZCTA5 75680","-","**",
"860Z200US75681","ZCTA5 75681","58125","21060",
"860Z200US75682","ZCTA5 75682","53125","29228",
"860Z200US75683","ZCTA5 75683","43531","12164",
"860Z200US75684","ZCTA5 75684","51629","9492",
"860Z200US75686","ZCTA5 75686","55327","4326",
"860Z200US75687","ZCTA5 75687","-","**",
"860Z200US75689","ZCTA5 75689","95724","72556",
"860Z200US75691","ZCTA5 75691","81667","16635",
"860Z200US75692","ZCTA5 75692","60705","12424",
"860Z200US75693","ZCTA5 75693","92938","19883",
"860Z200US75694","ZCTA5 75694","-","**",
"860Z200US75701","ZCTA5 75701","59107","6351",
"860Z200US75702","ZCTA5 75702","48485","4203",
"860Z200US75703","ZCTA5 75703","77858","7971",
"860Z200US75704","ZCTA5 75704","55967","12168",
"860Z200US75705","ZCTA5 75705","70850","54796",
"860Z200US75706","ZCTA5 75706","63477","11217",
"860Z200US75707","ZCTA5 75707","79764","9103",
"860Z200US75708","ZCTA5 75708","79864","8431",
"860Z200US75709","ZCTA5 75709","71013","4670",
"860Z200US75711","ZCTA5 75711","-","**",
"860Z200US75750","ZCTA5 75750","70109","12808",
"860Z200US75751","ZCTA5 75751","59399","11730",
"860Z200US75752","ZCTA5 75752","62135","7794",
"860Z200US75754","ZCTA5 75754","87846","26602",
"860Z200US75755","ZCTA5 75755","52913","7213",
"860Z200US75756","ZCTA5 75756","79688","17485",
"860Z200US75757","ZCTA5 75757","79070","10414",
"860Z200US75758","ZCTA5 75758","59727","7443",
"860Z200US75759","ZCTA5 75759","25156","8840",
"860Z200US75760","ZCTA5 75760","67294","14265",
"860Z200US75762","ZCTA5 75762","78520","10232",
"860Z200US75763","ZCTA5 75763","65022","7223",
"860Z200US75764","ZCTA5 75764","73021","16784",
"860Z200US75765","ZCTA5 75765","56477","9325",
"860Z200US75766","ZCTA5 75766","50279","8302",
"860Z200US75770","ZCTA5 75770","98178","12354",
"860Z200US75771","ZCTA5 75771","83516","13024",
"860Z200US75773","ZCTA5 75773","57854","9164",
"860Z200US75778","ZCTA5 75778","43812","6058",
"860Z200US75779","ZCTA5 75779","-","**",
"860Z200US75780","ZCTA5 75780","64375","52665",
"860Z200US75782","ZCTA5 75782","-","**",
"860Z200US75783","ZCTA5 75783","62410","12376",
"860Z200US75784","ZCTA5 75784","58750","24514",
"860Z200US75785","ZCTA5 75785","61815","11021",
"860Z200US75788","ZCTA5 75788","-","**",
"860Z200US75789","ZCTA5 75789","79112","15867",
"860Z200US75790","ZCTA5 75790","61218","14017",
"860Z200US75791","ZCTA5 75791","72203","12993",
"860Z200US75792","ZCTA5 75792","52153","12288",
"860Z200US75801","ZCTA5 75801","46706","10135",
"860Z200US75803","ZCTA5 75803","57654","5399",
"860Z200US75831","ZCTA5 75831","47358","7628",
"860Z200US75833","ZCTA5 75833","62378","8734",
"860Z200US75835","ZCTA5 75835","48706","7297",
"860Z200US75838","ZCTA5 75838","37386","30239",
"860Z200US75839","ZCTA5 75839","63412","9170",
"860Z200US75840","ZCTA5 75840","53368","16333",
"860Z200US75844","ZCTA5 75844","50294","10515",
"860Z200US75845","ZCTA5 75845","54850","21258",
"860Z200US75846","ZCTA5 75846","57482","20586",
"860Z200US75847","ZCTA5 75847","52969","15484",
"860Z200US75848","ZCTA5 75848","-","**",
"860Z200US75849","ZCTA5 75849","43125","7946",
"860Z200US75850","ZCTA5 75850","-","**",
"860Z200US75851","ZCTA5 75851","61310","11828",
"860Z200US75852","ZCTA5 75852","52768","14117",
"860Z200US75853","ZCTA5 75853","68750","35510",
"860Z200US75855","ZCTA5 75855","39337","8540",
"860Z200US75856","ZCTA5 75856","145096","129782",
"860Z200US75858","ZCTA5 75858","56591","27023",
"860Z200US75859","ZCTA5 75859","59698","17614",
"860Z200US75860","ZCTA5 75860","60995","8846",
"860Z200US75861","ZCTA5 75861","75528","13366",
"860Z200US75862","ZCTA5 75862","47377","7791",
"860Z200US75865","ZCTA5 75865","-","**",
"860Z200US75884","ZCTA5 75884","-","**",
"860Z200US75886","ZCTA5 75886","-","**",
"860Z200US75901","ZCTA5 75901","59350","4336",
"860Z200US75903","ZCTA5 75903","28554","1024",
"860Z200US75904","ZCTA5 75904","59444","4565",
"860Z200US75925","ZCTA5 75925","41328","2923",
"860Z200US75926","ZCTA5 75926","58375","11217",
"860Z200US75928","ZCTA5 75928","23718","4344",
"860Z200US75929","ZCTA5 75929","63454","9511",
"860Z200US75930","ZCTA5 75930","53472","7917",
"860Z200US75931","ZCTA5 75931","54931","30643",
"860Z200US75932","ZCTA5 75932","55804","7561",
"860Z200US75933","ZCTA5 75933","-","**",
"860Z200US75934","ZCTA5 75934","-","**",
"860Z200US75935","ZCTA5 75935","52569","8913",
"860Z200US75936","ZCTA5 75936","65000","15255",
"860Z200US75937","ZCTA5 75937","80262","21554",
"860Z200US75938","ZCTA5 75938","47609","9288",
"860Z200US75939","ZCTA5 75939","45339","6896",
"860Z200US75941","ZCTA5 75941","56083","3902",
"860Z200US75942","ZCTA5 75942","-","**",
"860Z200US75943","ZCTA5 75943","71500","35511",
"860Z200US75944","ZCTA5 75944","34667","20763",
"860Z200US75946","ZCTA5 75946","58125","18286",
"860Z200US75948","ZCTA5 75948","46157","11438",
"860Z200US75949","ZCTA5 75949","49577","6921",
"860Z200US75951","ZCTA5 75951","44141","6493",
"860Z200US75954","ZCTA5 75954","44750","12952",
"860Z200US75956","ZCTA5 75956","48125","20067",
"860Z200US75959","ZCTA5 75959","58542","23335",
"860Z200US75960","ZCTA5 75960","70156","22687",
"860Z200US75961","ZCTA5 75961","38547","2754",
"860Z200US75962","ZCTA5 75962","-","**",
"860Z200US75964","ZCTA5 75964","55039","4533",
"860Z200US75965","ZCTA5 75965","52073","6019",
"860Z200US75966","ZCTA5 75966","38156","8777",
"860Z200US75968","ZCTA5 75968","43472","13076",
"860Z200US75969","ZCTA5 75969","67471","29981",
"860Z200US75972","ZCTA5 75972","42272","6052",
"860Z200US75973","ZCTA5 75973","52037","23204",
"860Z200US75974","ZCTA5 75974","41875","7003",
"860Z200US75975","ZCTA5 75975","58318","10222",
"860Z200US75976","ZCTA5 75976","62417","45876",
"860Z200US75977","ZCTA5 75977","22273","9730",
"860Z200US75979","ZCTA5 75979","43822","7467",
"860Z200US75980","ZCTA5 75980","40648","16000",
"860Z200US76001","ZCTA5 76001","101311","5637",
"860Z200US76002","ZCTA5 76002","102369","8012",
"860Z200US76005","ZCTA5 76005","191250","37789",
"860Z200US76006","ZCTA5 76006","56312","3570",
"860Z200US76008","ZCTA5 76008","154054","14184",
"860Z200US76009","ZCTA5 76009","71996","9465",
"860Z200US76010","ZCTA5 76010","42571","3071",
"860Z200US76011","ZCTA5 76011","50200","2742",
"860Z200US76012","ZCTA5 76012","80972","4677",
"860Z200US76013","ZCTA5 76013","64585","3907",
"860Z200US76014","ZCTA5 76014","60894","2396",
"860Z200US76015","ZCTA5 76015","69805","7895",
"860Z200US76016","ZCTA5 76016","103605","6006",
"860Z200US76017","ZCTA5 76017","89930","7396",
"860Z200US76018","ZCTA5 76018","83815","5511",
"860Z200US76020","ZCTA5 76020","87923","8225",
"860Z200US76021","ZCTA5 76021","84539","4214",
"860Z200US76022","ZCTA5 76022","70286","7424",
"860Z200US76023","ZCTA5 76023","83750","11660",
"860Z200US76028","ZCTA5 76028","93314","6058",
"860Z200US76031","ZCTA5 76031","68203","12144",
"860Z200US76033","ZCTA5 76033","65488","5574",
"860Z200US76034","ZCTA5 76034","196034","14755",
"860Z200US76035","ZCTA5 76035","112983","33852",
"860Z200US76036","ZCTA5 76036","89393","4223",
"860Z200US76039","ZCTA5 76039","80176","4881",
"860Z200US76040","ZCTA5 76040","65698","4579",
"860Z200US76041","ZCTA5 76041","154427","56544",
"860Z200US76043","ZCTA5 76043","75764","31682",
"860Z200US76044","ZCTA5 76044","88795","12958",
"860Z200US76048","ZCTA5 76048","61728","6114",
"860Z200US76049","ZCTA5 76049","96674","3506",
"860Z200US76050","ZCTA5 76050","80858","13017",
"860Z200US76051","ZCTA5 76051","106726","6371",
"860Z200US76052","ZCTA5 76052","135348","13164",
"860Z200US76053","ZCTA5 76053","59985","5550",
"860Z200US76054","ZCTA5 76054","104748","10519",
"860Z200US76055","ZCTA5 76055","68466","10045",
"860Z200US76058","ZCTA5 76058","66777","7577",
"860Z200US76059","ZCTA5 76059","49703","6930",
"860Z200US76060","ZCTA5 76060","112931","8359",
"860Z200US76061","ZCTA5 76061","-","**",
"860Z200US76063","ZCTA5 76063","110303","6578",
"860Z200US76064","ZCTA5 76064","78523","31013",
"860Z200US76065","ZCTA5 76065","121063","9082",
"860Z200US76066","ZCTA5 76066","98145","52217",
"860Z200US76067","ZCTA5 76067","59845","6424",
"860Z200US76070","ZCTA5 76070","130630","31067",
"860Z200US76071","ZCTA5 76071","94318","13654",
"860Z200US76073","ZCTA5 76073","107759","35052",
"860Z200US76077","ZCTA5 76077","-","**",
"860Z200US76078","ZCTA5 76078","89794","5543",
"860Z200US76082","ZCTA5 76082","84506","8343",
"860Z200US76084","ZCTA5 76084","85748","6899",
"860Z200US76085","ZCTA5 76085","91128","7481",
"860Z200US76086","ZCTA5 76086","65707","7693",
"860Z200US76087","ZCTA5 76087","101606","8483",
"860Z200US76088","ZCTA5 76088","89554","18789",
"860Z200US76092","ZCTA5 76092","250,000+","***",
"860Z200US76093","ZCTA5 76093","52832","17102",
"860Z200US76102","ZCTA5 76102","81074","15619",
"860Z200US76103","ZCTA5 76103","56641","11856",
"860Z200US76104","ZCTA5 76104","46098","4598",
"860Z200US76105","ZCTA5 76105","44193","4466",
"860Z200US76106","ZCTA5 76106","51972","2869",
"860Z200US76107","ZCTA5 76107","77277","6736",
"860Z200US76108","ZCTA5 76108","73183","4362",
"860Z200US76109","ZCTA5 76109","99102","11632",
"860Z200US76110","ZCTA5 76110","59933","7046",
"860Z200US76111","ZCTA5 76111","54884","6211",
"860Z200US76112","ZCTA5 76112","53335","4278",
"860Z200US76114","ZCTA5 76114","63454","4396",
"860Z200US76115","ZCTA5 76115","45311","3624",
"860Z200US76116","ZCTA5 76116","50982","4951",
"860Z200US76117","ZCTA5 76117","49782","5636",
"860Z200US76118","ZCTA5 76118","89394","10221",
"860Z200US76119","ZCTA5 76119","44605","2383",
"860Z200US76120","ZCTA5 76120","70129","10066",
"860Z200US76123","ZCTA5 76123","91180","5973",
"860Z200US76126","ZCTA5 76126","106467","8033",
"860Z200US76127","ZCTA5 76127","103971","7927",
"860Z200US76129","ZCTA5 76129","-","**",
"860Z200US76131","ZCTA5 76131","101087","3458",
"860Z200US76132","ZCTA5 76132","68284","5573",
"860Z200US76133","ZCTA5 76133","69506","3103",
"860Z200US76134","ZCTA5 76134","65516","4555",
"860Z200US76135","ZCTA5 76135","69525","7629",
"860Z200US76137","ZCTA5 76137","86733","5140",
"860Z200US76140","ZCTA5 76140","70933","3485",
"860Z200US76148","ZCTA5 76148","88121","6622",
"860Z200US76155","ZCTA5 76155","59653","11670",
"860Z200US76164","ZCTA5 76164","52691","8453",
"860Z200US76177","ZCTA5 76177","102719","8908",
"860Z200US76179","ZCTA5 76179","106288","7051",
"860Z200US76180","ZCTA5 76180","76416","5936",
"860Z200US76182","ZCTA5 76182","110669","9037",
"860Z200US76201","ZCTA5 76201","37703","4936",
"860Z200US76203","ZCTA5 76203","-","**",
"860Z200US76205","ZCTA5 76205","60196","9797",
"860Z200US76207","ZCTA5 76207","88152","8489",
"860Z200US76208","ZCTA5 76208","100314","10477",
"860Z200US76209","ZCTA5 76209","69090","7528",
"860Z200US76210","ZCTA5 76210","102036","9717",
"860Z200US76225","ZCTA5 76225","75750","23580",
"860Z200US76226","ZCTA5 76226","165428","11091",
"860Z200US76227","ZCTA5 76227","106113","5049",
"860Z200US76228","ZCTA5 76228","67386","12643",
"860Z200US76230","ZCTA5 76230","68301","7206",
"860Z200US76233","ZCTA5 76233","68068","21654",
"860Z200US76234","ZCTA5 76234","85052","11309",
"860Z200US76238","ZCTA5 76238","107614","68489",
"860Z200US76239","ZCTA5 76239","56042","17819",
"860Z200US76240","ZCTA5 76240","58384","5454",
"860Z200US76241","ZCTA5 76241","-","**",
"860Z200US76244","ZCTA5 76244","116568","9846",
"860Z200US76245","ZCTA5 76245","66652","19436",
"860Z200US76247","ZCTA5 76247","107405","10710",
"860Z200US76248","ZCTA5 76248","161383","10682",
"860Z200US76249","ZCTA5 76249","103375","25538",
"860Z200US76250","ZCTA5 76250","81964","38500",
"860Z200US76251","ZCTA5 76251","61172","15961",
"860Z200US76252","ZCTA5 76252","103098","9524",
"860Z200US76253","ZCTA5 76253","64130","15126",
"860Z200US76255","ZCTA5 76255","53901","6969",
"860Z200US76258","ZCTA5 76258","81552","14015",
"860Z200US76259","ZCTA5 76259","82041","15002",
"860Z200US76261","ZCTA5 76261","58571","50612",
"860Z200US76262","ZCTA5 76262","130524","8121",
"860Z200US76263","ZCTA5 76263","-","**",
"860Z200US76264","ZCTA5 76264","75149","37968",
"860Z200US76265","ZCTA5 76265","75212","4984",
"860Z200US76266","ZCTA5 76266","93327","10282",
"860Z200US76267","ZCTA5 76267","-","**",
"860Z200US76268","ZCTA5 76268","83125","25197",
"860Z200US76270","ZCTA5 76270","68705","38197",
"860Z200US76271","ZCTA5 76271","77750","32637",
"860Z200US76272","ZCTA5 76272","93800","7429",
"860Z200US76273","ZCTA5 76273","81969","12286",
"860Z200US76301","ZCTA5 76301","36250","4731",
"860Z200US76302","ZCTA5 76302","51159","5486",
"860Z200US76305","ZCTA5 76305","73729","5595",
"860Z200US76306","ZCTA5 76306","47746","4839",
"860Z200US76308","ZCTA5 76308","70872","6878",
"860Z200US76309","ZCTA5 76309","52250","6191",
"860Z200US76310","ZCTA5 76310","79264","4677",
"860Z200US76311","ZCTA5 76311","91048","13362",
"860Z200US76351","ZCTA5 76351","51010","19877",
"860Z200US76354","ZCTA5 76354","64493","6247",
"860Z200US76357","ZCTA5 76357","77083","18776",
"860Z200US76360","ZCTA5 76360","51500","26975",
"860Z200US76363","ZCTA5 76363","34107","16711",
"860Z200US76364","ZCTA5 76364","62083","30099",
"860Z200US76365","ZCTA5 76365","62397","11575",
"860Z200US76366","ZCTA5 76366","49706","14862",
"860Z200US76367","ZCTA5 76367","68058","10675",
"860Z200US76370","ZCTA5 76370","83250","36428",
"860Z200US76371","ZCTA5 76371","57431","8882",
"860Z200US76372","ZCTA5 76372","69167","22133",
"860Z200US76373","ZCTA5 76373","77938","31768",
"860Z200US76374","ZCTA5 76374","41019","5603",
"860Z200US76377","ZCTA5 76377","52857","27553",
"860Z200US76379","ZCTA5 76379","80972","30681",
"860Z200US76380","ZCTA5 76380","53197","12318",
"860Z200US76384","ZCTA5 76384","50250","8559",
"860Z200US76388","ZCTA5 76388","48125","13631",
"860Z200US76389","ZCTA5 76389","99375","28637",
"860Z200US76401","ZCTA5 76401","56918","4064",
"860Z200US76402","ZCTA5 76402","-","**",
"860Z200US76424","ZCTA5 76424","44423","8111",
"860Z200US76426","ZCTA5 76426","82346","9743",
"860Z200US76427","ZCTA5 76427","70141","14387",
"860Z200US76429","ZCTA5 76429","2,500-","***",
"860Z200US76430","ZCTA5 76430","60093","13370",
"860Z200US76431","ZCTA5 76431","70536","13380",
"860Z200US76432","ZCTA5 76432","53333","10696",
"860Z200US76433","ZCTA5 76433","108080","14640",
"860Z200US76435","ZCTA5 76435","59792","9129",
"860Z200US76436","ZCTA5 76436","57125","23552",
"860Z200US76437","ZCTA5 76437","63272","12374",
"860Z200US76439","ZCTA5 76439","-","**",
"860Z200US76442","ZCTA5 76442","60321","10271",
"860Z200US76443","ZCTA5 76443","49844","14751",
"860Z200US76444","ZCTA5 76444","57583","18472",
"860Z200US76445","ZCTA5 76445","-","**",
"860Z200US76446","ZCTA5 76446","57321","7701",
"860Z200US76448","ZCTA5 76448","63641","20874",
"860Z200US76449","ZCTA5 76449","73824","11828",
"860Z200US76450","ZCTA5 76450","71563","14143",
"860Z200US76452","ZCTA5 76452","197593","192554",
"860Z200US76453","ZCTA5 76453","95536","17719",
"860Z200US76454","ZCTA5 76454","41204","13123",
"860Z200US76455","ZCTA5 76455","54375","12573",
"860Z200US76457","ZCTA5 76457","59569","8028",
"860Z200US76458","ZCTA5 76458","56786","9166",
"860Z200US76459","ZCTA5 76459","48750","31745",
"860Z200US76460","ZCTA5 76460","85729","57000",
"860Z200US76462","ZCTA5 76462","94167","29190",
"860Z200US76463","ZCTA5 76463","61250","35021",
"860Z200US76464","ZCTA5 76464","63750","24334",
"860Z200US76466","ZCTA5 76466","128260","114803",
"860Z200US76469","ZCTA5 76469","56750","41991",
"860Z200US76470","ZCTA5 76470","36646","8213",
"860Z200US76471","ZCTA5 76471","48529","7861",
"860Z200US76472","ZCTA5 76472","96360","31070",
"860Z200US76474","ZCTA5 76474","-","**",
"860Z200US76475","ZCTA5 76475","54688","13812",
"860Z200US76476","ZCTA5 76476","77130","8343",
"860Z200US76481","ZCTA5 76481","75690","49605",
"860Z200US76483","ZCTA5 76483","51827","12612",
"860Z200US76484","ZCTA5 76484","91731","10560",
"860Z200US76486","ZCTA5 76486","65625","10232",
"860Z200US76487","ZCTA5 76487","75063","19520",
"860Z200US76490","ZCTA5 76490","-","**",
"860Z200US76491","ZCTA5 76491","64438","24625",
"860Z200US76501","ZCTA5 76501","50855","9199",
"860Z200US76502","ZCTA5 76502","77704","7256",
"860Z200US76504","ZCTA5 76504","44256","4923",
"860Z200US76511","ZCTA5 76511","54750","16556",
"860Z200US76513","ZCTA5 76513","76564","7413",
"860Z200US76518","ZCTA5 76518","53125","6094",
"860Z200US76519","ZCTA5 76519","86181","40584",
"860Z200US76520","ZCTA5 76520","59340","4384",
"860Z200US76522","ZCTA5 76522","65760","2237",
"860Z200US76523","ZCTA5 76523","56089","14583",
"860Z200US76524","ZCTA5 76524","75435","32893",
"860Z200US76525","ZCTA5 76525","74063","19185",
"860Z200US76527","ZCTA5 76527","71366","12818",
"860Z200US76528","ZCTA5 76528","58862","6585",
"860Z200US76530","ZCTA5 76530","76953","15861",
"860Z200US76531","ZCTA5 76531","55857","15177",
"860Z200US76534","ZCTA5 76534","71103","21271",
"860Z200US76537","ZCTA5 76537","88250","11047",
"860Z200US76538","ZCTA5 76538","58654","32333",
"860Z200US76539","ZCTA5 76539","82053","11392",
"860Z200US76541","ZCTA5 76541","34732","3413",
"860Z200US76542","ZCTA5 76542","73133","4551",
"860Z200US76543","ZCTA5 76543","49021","4518",
"860Z200US76544","ZCTA5 76544","54561","3746",
"860Z200US76548","ZCTA5 76548","71845","9621",
"860Z200US76549","ZCTA5 76549","62607","5824",
"860Z200US76550","ZCTA5 76550","71618","6644",
"860Z200US76554","ZCTA5 76554","72656","13016",
"860Z200US76556","ZCTA5 76556","63438","10328",
"860Z200US76557","ZCTA5 76557","70017","10239",
"860Z200US76559","ZCTA5 76559","65022","14963",
"860Z200US76561","ZCTA5 76561","69250","16662",
"860Z200US76565","ZCTA5 76565","-","**",
"860Z200US76566","ZCTA5 76566","142500","100741",
"860Z200US76567","ZCTA5 76567","48472","13954",
"860Z200US76569","ZCTA5 76569","78798","13950",
"860Z200US76570","ZCTA5 76570","38632","14804",
"860Z200US76571","ZCTA5 76571","94517","7859",
"860Z200US76573","ZCTA5 76573","-","**",
"860Z200US76574","ZCTA5 76574","68360","3604",
"860Z200US76577","ZCTA5 76577","68141","13221",
"860Z200US76578","ZCTA5 76578","92188","37462",
"860Z200US76579","ZCTA5 76579","69471","14742",
"860Z200US76596","ZCTA5 76596","-","**",
"860Z200US76597","ZCTA5 76597","-","**",
"860Z200US76598","ZCTA5 76598","-","**",
"860Z200US76599","ZCTA5 76599","-","**",
"860Z200US76621","ZCTA5 76621","94375","8529",
"860Z200US76622","ZCTA5 76622","73438","14009",
"860Z200US76623","ZCTA5 76623","62917","33247",
"860Z200US76624","ZCTA5 76624","67708","21711",
"860Z200US76626","ZCTA5 76626","94688","19566",
"860Z200US76627","ZCTA5 76627","70250","22914",
"860Z200US76628","ZCTA5 76628","117857","29957",
"860Z200US76629","ZCTA5 76629","63333","18176",
"860Z200US76630","ZCTA5 76630","79000","27499",
"860Z200US76631","ZCTA5 76631","83438","37607",
"860Z200US76632","ZCTA5 76632","41875","3479",
"860Z200US76633","ZCTA5 76633","106700","22343",
"860Z200US76634","ZCTA5 76634","68440","4255",
"860Z200US76635","ZCTA5 76635","55393","20130",
"860Z200US76636","ZCTA5 76636","66917","18294",
"860Z200US76637","ZCTA5 76637","71250","12162",
"860Z200US76638","ZCTA5 76638","117708","23845",
"860Z200US76639","ZCTA5 76639","39907","21164",
"860Z200US76640","ZCTA5 76640","52074","15804",
"860Z200US76641","ZCTA5 76641","64231","23647",
"860Z200US76642","ZCTA5 76642","57622","9492",
"860Z200US76643","ZCTA5 76643","75898","6047",
"860Z200US76645","ZCTA5 76645","57500","7651",
"860Z200US76648","ZCTA5 76648","49833","12489",
"860Z200US76649","ZCTA5 76649","67500","27974",
"860Z200US76650","ZCTA5 76650","79167","36501",
"860Z200US76651","ZCTA5 76651","63173","16292",
"860Z200US76652","ZCTA5 76652","65278","18451",
"860Z200US76653","ZCTA5 76653","56875","18766",
"860Z200US76654","ZCTA5 76654","65417","36827",
"860Z200US76655","ZCTA5 76655","110248","7950",
"860Z200US76656","ZCTA5 76656","71691","22621",
"860Z200US76657","ZCTA5 76657","92935","15492",
"860Z200US76660","ZCTA5 76660","47188","21520",
"860Z200US76661","ZCTA5 76661","31888","3204",
"860Z200US76664","ZCTA5 76664","63621","9768",
"860Z200US76665","ZCTA5 76665","56130","7243",
"860Z200US76666","ZCTA5 76666","41042","6297",
"860Z200US76667","ZCTA5 76667","46130","8474",
"860Z200US76670","ZCTA5 76670","57206","21887",
"860Z200US76671","ZCTA5 76671","68750","10219",
"860Z200US76673","ZCTA5 76673","53482","13174",
"860Z200US76676","ZCTA5 76676","63125","27304",
"860Z200US76678","ZCTA5 76678","45682","14288",
"860Z200US76679","ZCTA5 76679","77702","17037",
"860Z200US76680","ZCTA5 76680","-","**",
"860Z200US76681","ZCTA5 76681","31705","16781",
"860Z200US76682","ZCTA5 76682","73654","13068",
"860Z200US76685","ZCTA5 76685","-","**",
"860Z200US76686","ZCTA5 76686","63750","28440",
"860Z200US76687","ZCTA5 76687","67720","14363",
"860Z200US76689","ZCTA5 76689","63889","11115",
"860Z200US76690","ZCTA5 76690","41667","13674",
"860Z200US76691","ZCTA5 76691","75163","11504",
"860Z200US76692","ZCTA5 76692","57891","7898",
"860Z200US76693","ZCTA5 76693","54074","17001",
"860Z200US76701","ZCTA5 76701","29714","9412",
"860Z200US76704","ZCTA5 76704","19966","6739",
"860Z200US76705","ZCTA5 76705","51546","3913",
"860Z200US76706","ZCTA5 76706","39317","3914",
"860Z200US76707","ZCTA5 76707","33964","4760",
"860Z200US76708","ZCTA5 76708","64618","5922",
"860Z200US76710","ZCTA5 76710","49762","6001",
"860Z200US76711","ZCTA5 76711","51526","6757",
"860Z200US76712","ZCTA5 76712","91862","4501",
"860Z200US76798","ZCTA5 76798","-","**",
"860Z200US76801","ZCTA5 76801","51603","4887",
"860Z200US76802","ZCTA5 76802","65750","19073",
"860Z200US76820","ZCTA5 76820","-","**",
"860Z200US76821","ZCTA5 76821","60924","12302",
"860Z200US76823","ZCTA5 76823","54594","8369",
"860Z200US76824","ZCTA5 76824","-","**",
"860Z200US76825","ZCTA5 76825","52143","8200",
"860Z200US76827","ZCTA5 76827","-","**",
"860Z200US76828","ZCTA5 76828","49688","43021",
"860Z200US76831","ZCTA5 76831","-","**",
"860Z200US76832","ZCTA5 76832","44886","16527",
"860Z200US76834","ZCTA5 76834","50565","4221",
"860Z200US76836","ZCTA5 76836","-","**",
"860Z200US76837","ZCTA5 76837","49250","26518",
"860Z200US76841","ZCTA5 76841","-","**",
"860Z200US76842","ZCTA5 76842","52625","44872",
"860Z200US76844","ZCTA5 76844","61989","9462",
"860Z200US76845","ZCTA5 76845","72500","19912",
"860Z200US76848","ZCTA5 76848","-","**",
"860Z200US76849","ZCTA5 76849","58413","11239",
"860Z200US76852","ZCTA5 76852","78333","21649",
"860Z200US76853","ZCTA5 76853","56420","12747",
"860Z200US76854","ZCTA5 76854","-","**",
"860Z200US76856","ZCTA5 76856","80210","15146",
"860Z200US76857","ZCTA5 76857","46047","9767",
"860Z200US76858","ZCTA5 76858","50500","20544",
"860Z200US76859","ZCTA5 76859","39730","8715",
"860Z200US76861","ZCTA5 76861","68750","11266",
"860Z200US76862","ZCTA5 76862","56250","39046",
"860Z200US76864","ZCTA5 76864","43464","1311",
"860Z200US76865","ZCTA5 76865","54792","22835",
"860Z200US76866","ZCTA5 76866","62885","19296",
"860Z200US76869","ZCTA5 76869","-","**",
"860Z200US76870","ZCTA5 76870","-","**",
"860Z200US76871","ZCTA5 76871","59375","54997",
"860Z200US76872","ZCTA5 76872","55000","23693",
"860Z200US76873","ZCTA5 76873","-","**",
"860Z200US76874","ZCTA5 76874","-","**",
"860Z200US76875","ZCTA5 76875","54429","14217",
"860Z200US76877","ZCTA5 76877","54406","9499",
"860Z200US76878","ZCTA5 76878","49250","15620",
"860Z200US76880","ZCTA5 76880","-","**",
"860Z200US76882","ZCTA5 76882","56000","15710",
"860Z200US76884","ZCTA5 76884","73750","54359",
"860Z200US76885","ZCTA5 76885","-","**",
"860Z200US76887","ZCTA5 76887","88854","84187",
"860Z200US76888","ZCTA5 76888","57566","26209",
"860Z200US76890","ZCTA5 76890","56008","8804",
"860Z200US76901","ZCTA5 76901","62879","8284",
"860Z200US76902","ZCTA5 76902","-","**",
"860Z200US76903","ZCTA5 76903","50077","4366",
"860Z200US76904","ZCTA5 76904","81684","3489",
"860Z200US76905","ZCTA5 76905","77614","7410",
"860Z200US76908","ZCTA5 76908","-","**",
"860Z200US76909","ZCTA5 76909","-","**",
"860Z200US76930","ZCTA5 76930","52857","29830",
"860Z200US76932","ZCTA5 76932","70319","9014",
"860Z200US76933","ZCTA5 76933","53935","9366",
"860Z200US76934","ZCTA5 76934","51083","11519",
"860Z200US76935","ZCTA5 76935","-","**",
"860Z200US76936","ZCTA5 76936","53774","8147",
"860Z200US76937","ZCTA5 76937","-","**",
"860Z200US76939","ZCTA5 76939","-","**",
"860Z200US76940","ZCTA5 76940","-","**",
"860Z200US76941","ZCTA5 76941","53315","8960",
"860Z200US76943","ZCTA5 76943","64457","24928",
"860Z200US76945","ZCTA5 76945","37697","10979",
"860Z200US76950","ZCTA5 76950","56889","13766",
"860Z200US76951","ZCTA5 76951","63558","14142",
"860Z200US76953","ZCTA5 76953","-","**",
"860Z200US76955","ZCTA5 76955","78036","11017",
"860Z200US76957","ZCTA5 76957","-","**",
"860Z200US76958","ZCTA5 76958","-","**",
"860Z200US77002","ZCTA5 77002","78292","10147",
"860Z200US77003","ZCTA5 77003","87618","7545",
"860Z200US77004","ZCTA5 77004","68141","9429",
"860Z200US77005","ZCTA5 77005","213059","27182",
"860Z200US77006","ZCTA5 77006","104375","12492",
"860Z200US77007","ZCTA5 77007","140536","12659",
"860Z200US77008","ZCTA5 77008","140609","14384",
"860Z200US77009","ZCTA5 77009","77817","8365",
"860Z200US77010","ZCTA5 77010","221776","59775",
"860Z200US77011","ZCTA5 77011","44412","5113",
"860Z200US77012","ZCTA5 77012","45784","5493",
"860Z200US77013","ZCTA5 77013","43492","7508",
"860Z200US77014","ZCTA5 77014","54303","7674",
"860Z200US77015","ZCTA5 77015","55171","3237",
"860Z200US77016","ZCTA5 77016","42186","3801",
"860Z200US77017","ZCTA5 77017","53236","3922",
"860Z200US77018","ZCTA5 77018","111524","17201",
"860Z200US77019","ZCTA5 77019","118172","15037",
"860Z200US77020","ZCTA5 77020","46606","1936",
"860Z200US77021","ZCTA5 77021","46508","4862",
"860Z200US77022","ZCTA5 77022","46525","4731",
"860Z200US77023","ZCTA5 77023","47697","5080",
"860Z200US77024","ZCTA5 77024","132710","14429",
"860Z200US77025","ZCTA5 77025","84274","7869",
"860Z200US77026","ZCTA5 77026","33452","4699",
"860Z200US77027","ZCTA5 77027","103627","8833",
"860Z200US77028","ZCTA5 77028","33403","4786",
"860Z200US77029","ZCTA5 77029","49443","5796",
"860Z200US77030","ZCTA5 77030","90475","17423",
"860Z200US77031","ZCTA5 77031","44412","3113",
"860Z200US77032","ZCTA5 77032","38834","6228",
"860Z200US77033","ZCTA5 77033","39118","3249",
"860Z200US77034","ZCTA5 77034","56772","3426",
"860Z200US77035","ZCTA5 77035","52205","5991",
"860Z200US77036","ZCTA5 77036","41899","2081",
"860Z200US77037","ZCTA5 77037","47381","13379",
"860Z200US77038","ZCTA5 77038","47682","3457",
"860Z200US77039","ZCTA5 77039","41988","4616",
"860Z200US77040","ZCTA5 77040","62685","7063",
"860Z200US77041","ZCTA5 77041","84928","8765",
"860Z200US77042","ZCTA5 77042","51723","3026",
"860Z200US77043","ZCTA5 77043","74320","4644",
"860Z200US77044","ZCTA5 77044","87958","8100",
"860Z200US77045","ZCTA5 77045","58373","8320",
"860Z200US77046","ZCTA5 77046","145567","49668",
"860Z200US77047","ZCTA5 77047","70666","5060",
"860Z200US77048","ZCTA5 77048","45714","13576",
"860Z200US77049","ZCTA5 77049","70736","4706",
"860Z200US77050","ZCTA5 77050","30750","13667",
"860Z200US77051","ZCTA5 77051","38694","5682",
"860Z200US77053","ZCTA5 77053","61750","8922",
"860Z200US77054","ZCTA5 77054","56447","1737",
"860Z200US77055","ZCTA5 77055","69743","6013",
"860Z200US77056","ZCTA5 77056","97097","14718",
"860Z200US77057","ZCTA5 77057","68955","5349",
"860Z200US77058","ZCTA5 77058","63267","7116",
"860Z200US77059","ZCTA5 77059","158958","17409",
"860Z200US77060","ZCTA5 77060","37041","2447",
"860Z200US77061","ZCTA5 77061","42039","6236",
"860Z200US77062","ZCTA5 77062","103477","7061",
"860Z200US77063","ZCTA5 77063","51899","6170",
"860Z200US77064","ZCTA5 77064","82500","3833",
"860Z200US77065","ZCTA5 77065","72816","6405",
"860Z200US77066","ZCTA5 77066","76716","8751",
"860Z200US77067","ZCTA5 77067","49682","4074",
"860Z200US77068","ZCTA5 77068","83990","15878",
"860Z200US77069","ZCTA5 77069","72744","8837",
"860Z200US77070","ZCTA5 77070","73579","6223",
"860Z200US77071","ZCTA5 77071","56559","6806",
"860Z200US77072","ZCTA5 77072","50886","2787",
"860Z200US77073","ZCTA5 77073","69784","6046",
"860Z200US77074","ZCTA5 77074","48196","4772",
"860Z200US77075","ZCTA5 77075","71609","5971",
"860Z200US77076","ZCTA5 77076","37927","6084",
"860Z200US77077","ZCTA5 77077","69782","2834",
"860Z200US77078","ZCTA5 77078","40873","6790",
"860Z200US77079","ZCTA5 77079","99164","9759",
"860Z200US77080","ZCTA5 77080","61659","4781",
"860Z200US77081","ZCTA5 77081","40805","1963",
"860Z200US77082","ZCTA5 77082","55962","6458",
"860Z200US77083","ZCTA5 77083","61979","4624",
"860Z200US77084","ZCTA5 77084","75510","5044",
"860Z200US77085","ZCTA5 77085","65715","3288",
"860Z200US77086","ZCTA5 77086","56200","5805",
"860Z200US77087","ZCTA5 77087","50918","6500",
"860Z200US77088","ZCTA5 77088","48627","3223",
"860Z200US77089","ZCTA5 77089","83648","6577",
"860Z200US77090","ZCTA5 77090","49438","4667",
"860Z200US77091","ZCTA5 77091","34988","4322",
"860Z200US77092","ZCTA5 77092","54494","4504",
"860Z200US77093","ZCTA5 77093","37583","3490",
"860Z200US77094","ZCTA5 77094","179387","30625",
"860Z200US77095","ZCTA5 77095","90690","5409",
"860Z200US77096","ZCTA5 77096","79483","9604",
"860Z200US77098","ZCTA5 77098","108799","11991",
"860Z200US77099","ZCTA5 77099","45691","3249",
"860Z200US77204","ZCTA5 77204","-","**",
"860Z200US77301","ZCTA5 77301","59452","7395",
"860Z200US77302","ZCTA5 77302","85590","16536",
"860Z200US77303","ZCTA5 77303","75448","14030",
"860Z200US77304","ZCTA5 77304","74182","6138",
"860Z200US77306","ZCTA5 77306","65423","14286",
"860Z200US77316","ZCTA5 77316","120846","10745",
"860Z200US77318","ZCTA5 77318","88162","11460",
"860Z200US77320","ZCTA5 77320","50343","4402",
"860Z200US77326","ZCTA5 77326","-","**",
"860Z200US77327","ZCTA5 77327","54022","5925",
"860Z200US77328","ZCTA5 77328","55747","6199",
"860Z200US77331","ZCTA5 77331","50123","12633",
"860Z200US77334","ZCTA5 77334","-","**",
"860Z200US77335","ZCTA5 77335","52355","16057",
"860Z200US77336","ZCTA5 77336","82105","8048",
"860Z200US77338","ZCTA5 77338","68239","7155",
"860Z200US77339","ZCTA5 77339","81274","8468",
"860Z200US77340","ZCTA5 77340","41008","5519",
"860Z200US77341","ZCTA5 77341","-","**",
"860Z200US77342","ZCTA5 77342","-","**",
"860Z200US77345","ZCTA5 77345","159013","7315",
"860Z200US77346","ZCTA5 77346","122321","7286",
"860Z200US77350","ZCTA5 77350","50000","27867",
"860Z200US77351","ZCTA5 77351","59245","5773",
"860Z200US77354","ZCTA5 77354","112562","12902",
"860Z200US77355","ZCTA5 77355","107714","12648",
"860Z200US77356","ZCTA5 77356","112394","13793",
"860Z200US77357","ZCTA5 77357","69521","9641",
"860Z200US77358","ZCTA5 77358","71966","20056",
"860Z200US77359","ZCTA5 77359","55331","4972",
"860Z200US77360","ZCTA5 77360","58076","4568",
"860Z200US77362","ZCTA5 77362","84612","19422",
"860Z200US77363","ZCTA5 77363","49946","43567",
"860Z200US77364","ZCTA5 77364","53548","12505",
"860Z200US77365","ZCTA5 77365","90493","9485",
"860Z200US77367","ZCTA5 77367","71199","7394",
"860Z200US77368","ZCTA5 77368","-","**",
"860Z200US77369","ZCTA5 77369","-","**",
"860Z200US77371","ZCTA5 77371","57056","15461",
"860Z200US77372","ZCTA5 77372","72749","9169",
"860Z200US77373","ZCTA5 77373","83835","3441",
"860Z200US77374","ZCTA5 77374","81411","71310",
"860Z200US77375","ZCTA5 77375","93886","10569",
"860Z200US77376","ZCTA5 77376","29498","28266",
"860Z200US77377","ZCTA5 77377","114943","11729",
"860Z200US77378","ZCTA5 77378","66882","5138",
"860Z200US77379","ZCTA5 77379","110361","4930",
"860Z200US77380","ZCTA5 77380","82383","10892",
"860Z200US77381","ZCTA5 77381","143198","11673",
"860Z200US77382","ZCTA5 77382","162774","9842",
"860Z200US77384","ZCTA5 77384","99884","19361",
"860Z200US77385","ZCTA5 77385","109677","8395",
"860Z200US77386","ZCTA5 77386","131285","9059",
"860Z200US77388","ZCTA5 77388","99591","8993",
"860Z200US77389","ZCTA5 77389","142611","16653",
"860Z200US77396","ZCTA5 77396","76919","9124",
"860Z200US77401","ZCTA5 77401","215197","27379",
"860Z200US77406","ZCTA5 77406","139280","6548",
"860Z200US77407","ZCTA5 77407","106131","6456",
"860Z200US77412","ZCTA5 77412","-","**",
"860Z200US77414","ZCTA5 77414","54859","5576",
"860Z200US77415","ZCTA5 77415","71908","43669",
"860Z200US77417","ZCTA5 77417","55208","13012",
"860Z200US77418","ZCTA5 77418","79444","13921",
"860Z200US77419","ZCTA5 77419","45614","38548",
"860Z200US77420","ZCTA5 77420","57266","12478",
"860Z200US77422","ZCTA5 77422","68937","9089",
"860Z200US77423","ZCTA5 77423","85082","13065",
"860Z200US77426","ZCTA5 77426","94091","36757",
"860Z200US77428","ZCTA5 77428","-","**",
"860Z200US77429","ZCTA5 77429","123172","10041",
"860Z200US77430","ZCTA5 77430","106094","28659",
"860Z200US77431","ZCTA5 77431","16513","1890",
"860Z200US77432","ZCTA5 77432","-","**",
"860Z200US77433","ZCTA5 77433","134390","6336",
"860Z200US77434","ZCTA5 77434","60227","12632",
"860Z200US77435","ZCTA5 77435","62701","10353",
"860Z200US77436","ZCTA5 77436","-","**",
"860Z200US77437","ZCTA5 77437","63810","8541",
"860Z200US77440","ZCTA5 77440","-","**",
"860Z200US77441","ZCTA5 77441","170261","9701",
"860Z200US77442","ZCTA5 77442","56042","21220",
"860Z200US77443","ZCTA5 77443","-","**",
"860Z200US77444","ZCTA5 77444","-","**",
"860Z200US77445","ZCTA5 77445","57217","7016",
"860Z200US77446","ZCTA5 77446","33466","31848",
"860Z200US77447","ZCTA5 77447","100250","10254",
"860Z200US77448","ZCTA5 77448","-","**",
"860Z200US77449","ZCTA5 77449","82300","7234",
"860Z200US77450","ZCTA5 77450","103245","3744",
"860Z200US77451","ZCTA5 77451","55417","24658",
"860Z200US77453","ZCTA5 77453","-","**",
"860Z200US77454","ZCTA5 77454","-","**",
"860Z200US77455","ZCTA5 77455","61401","6792",
"860Z200US77456","ZCTA5 77456","58443","9739",
"860Z200US77457","ZCTA5 77457","34531","20445",
"860Z200US77458","ZCTA5 77458","-","**",
"860Z200US77459","ZCTA5 77459","128851","7912",
"860Z200US77460","ZCTA5 77460","-","**",
"860Z200US77461","ZCTA5 77461","69766","18124",
"860Z200US77464","ZCTA5 77464","54583","22067",
"860Z200US77465","ZCTA5 77465","65515","28281",
"860Z200US77466","ZCTA5 77466","45588","16153",
"860Z200US77467","ZCTA5 77467","-","**",
"860Z200US77468","ZCTA5 77468","-","**",
"860Z200US77469","ZCTA5 77469","98210","8288",
"860Z200US77470","ZCTA5 77470","48478","15488",
"860Z200US77471","ZCTA5 77471","67743","7790",
"860Z200US77473","ZCTA5 77473","-","**",
"860Z200US77474","ZCTA5 77474","74139","9075",
"860Z200US77475","ZCTA5 77475","58255","1583",
"860Z200US77476","ZCTA5 77476","65491","10922",
"860Z200US77477","ZCTA5 77477","71746","6677",
"860Z200US77478","ZCTA5 77478","110032","11283",
"860Z200US77479","ZCTA5 77479","154658","7658",
"860Z200US77480","ZCTA5 77480","76445","16484",
"860Z200US77481","ZCTA5 77481","-","**",
"860Z200US77482","ZCTA5 77482","71359","54650",
"860Z200US77483","ZCTA5 77483","-","**",
"860Z200US77484","ZCTA5 77484","72485","15322",
"860Z200US77485","ZCTA5 77485","46528","13796",
"860Z200US77486","ZCTA5 77486","88809","5600",
"860Z200US77488","ZCTA5 77488","53167","9345",
"860Z200US77489","ZCTA5 77489","71858","4669",
"860Z200US77493","ZCTA5 77493","110220","9260",
"860Z200US77494","ZCTA5 77494","144444","7357",
"860Z200US77498","ZCTA5 77498","93703","7711",
"860Z200US77502","ZCTA5 77502","58714","8772",
"860Z200US77503","ZCTA5 77503","67697","5220",
"860Z200US77504","ZCTA5 77504","52620","5708",
"860Z200US77505","ZCTA5 77505","90917","9320",
"860Z200US77506","ZCTA5 77506","51810","5044",
"860Z200US77507","ZCTA5 77507","70406","8154",
"860Z200US77510","ZCTA5 77510","92344","6823",
"860Z200US77511","ZCTA5 77511","74466","4062",
"860Z200US77514","ZCTA5 77514","61569","11966",
"860Z200US77515","ZCTA5 77515","84443","9085",
"860Z200US77517","ZCTA5 77517","81618","23574",
"860Z200US77518","ZCTA5 77518","52246","9619",
"860Z200US77519","ZCTA5 77519","90571","25762",
"860Z200US77520","ZCTA5 77520","53226","4322",
"860Z200US77521","ZCTA5 77521","74948","5747",
"860Z200US77523","ZCTA5 77523","131444","10770",
"860Z200US77530","ZCTA5 77530","62455","5730",
"860Z200US77531","ZCTA5 77531","69676","5182",
"860Z200US77532","ZCTA5 77532","91471","12838",
"860Z200US77533","ZCTA5 77533","56466","9557",
"860Z200US77534","ZCTA5 77534","100483","14589",
"860Z200US77535","ZCTA5 77535","77148","7284",
"860Z200US77536","ZCTA5 77536","90468","8875",
"860Z200US77538","ZCTA5 77538","75294","12339",
"860Z200US77539","ZCTA5 77539","83707","4254",
"860Z200US77541","ZCTA5 77541","55237","4279",
"860Z200US77545","ZCTA5 77545","89784","4279",
"860Z200US77546","ZCTA5 77546","117118","6570",
"860Z200US77547","ZCTA5 77547","41485","10942",
"860Z200US77550","ZCTA5 77550","47366","5046",
"860Z200US77551","ZCTA5 77551","56620","7128",
"860Z200US77554","ZCTA5 77554","86912","10363",
"860Z200US77555","ZCTA5 77555","-","**",
"860Z200US77560","ZCTA5 77560","95486","68878",
"860Z200US77561","ZCTA5 77561","-","**",
"860Z200US77562","ZCTA5 77562","64225","8254",
"860Z200US77563","ZCTA5 77563","77917","12082",
"860Z200US77564","ZCTA5 77564","48315","7249",
"860Z200US77565","ZCTA5 77565","81921","14924",
"860Z200US77566","ZCTA5 77566","91806","8072",
"860Z200US77568","ZCTA5 77568","63806","7570",
"860Z200US77571","ZCTA5 77571","80778","7787",
"860Z200US77573","ZCTA5 77573","119948","7436",
"860Z200US77575","ZCTA5 77575","51285","11161",
"860Z200US77577","ZCTA5 77577","61006","11402",
"860Z200US77578","ZCTA5 77578","126498","11401",
"860Z200US77580","ZCTA5 77580","-","**",
"860Z200US77581","ZCTA5 77581","105053","9083",
"860Z200US77582","ZCTA5 77582","98929","24826",
"860Z200US77583","ZCTA5 77583","110852","13264",
"860Z200US77584","ZCTA5 77584","112994","7179",
"860Z200US77585","ZCTA5 77585","-","**",
"860Z200US77586","ZCTA5 77586","105076","8758",
"860Z200US77587","ZCTA5 77587","50925","9234",
"860Z200US77590","ZCTA5 77590","57293","8467",
"860Z200US77591","ZCTA5 77591","62135","8886",
"860Z200US77597","ZCTA5 77597","-","**",
"860Z200US77598","ZCTA5 77598","56551","2503",
"860Z200US77611","ZCTA5 77611","98718","17996",
"860Z200US77612","ZCTA5 77612","59666","9218",
"860Z200US77613","ZCTA5 77613","51786","15111",
"860Z200US77614","ZCTA5 77614","28698","19403",
"860Z200US77615","ZCTA5 77615","59688","38131",
"860Z200US77616","ZCTA5 77616","-","**",
"860Z200US77617","ZCTA5 77617","70536","35353",
"860Z200US77619","ZCTA5 77619","64737","9938",
"860Z200US77622","ZCTA5 77622","117779","46677",
"860Z200US77623","ZCTA5 77623","64318","25474",
"860Z200US77624","ZCTA5 77624","47917","43329",
"860Z200US77625","ZCTA5 77625","67942","6788",
"860Z200US77627","ZCTA5 77627","75461","13692",
"860Z200US77629","ZCTA5 77629","53527","7052",
"860Z200US77630","ZCTA5 77630","61223","4383",
"860Z200US77632","ZCTA5 77632","83679","7744",
"860Z200US77640","ZCTA5 77640","49122","2969",
"860Z200US77642","ZCTA5 77642","42076","3440",
"860Z200US77650","ZCTA5 77650","61211","33224",
"860Z200US77651","ZCTA5 77651","85086","14689",
"860Z200US77655","ZCTA5 77655","68472","30573",
"860Z200US77656","ZCTA5 77656","61286","6751",
"860Z200US77657","ZCTA5 77657","86611","7475",
"860Z200US77659","ZCTA5 77659","93780","13383",
"860Z200US77660","ZCTA5 77660","52647","16455",
"860Z200US77661","ZCTA5 77661","-","**",
"860Z200US77662","ZCTA5 77662","68901","8428",
"860Z200US77663","ZCTA5 77663","-","**",
"860Z200US77664","ZCTA5 77664","64643","18242",
"860Z200US77665","ZCTA5 77665","70564","14133",
"860Z200US77701","ZCTA5 77701","46653","3325",
"860Z200US77702","ZCTA5 77702","61042","14585",
"860Z200US77703","ZCTA5 77703","27972","3580",
"860Z200US77705","ZCTA5 77705","47311","4042",
"860Z200US77706","ZCTA5 77706","70772","9489",
"860Z200US77707","ZCTA5 77707","64545","5009",
"860Z200US77708","ZCTA5 77708","56151","6822",
"860Z200US77713","ZCTA5 77713","84710","9352",
"860Z200US77801","ZCTA5 77801","30849","6664",
"860Z200US77802","ZCTA5 77802","65150","7957",
"860Z200US77803","ZCTA5 77803","51914","4036",
"860Z200US77807","ZCTA5 77807","71966","9601",
"860Z200US77808","ZCTA5 77808","92868","17908",
"860Z200US77830","ZCTA5 77830","103635","9287",
"860Z200US77831","ZCTA5 77831","58250","20131",
"860Z200US77833","ZCTA5 77833","63474","6917",
"860Z200US77835","ZCTA5 77835","80385","57155",
"860Z200US77836","ZCTA5 77836","75357","9293",
"860Z200US77837","ZCTA5 77837","53523","21158",
"860Z200US77840","ZCTA5 77840","30049","2201",
"860Z200US77843","ZCTA5 77843","-","**",
"860Z200US77845","ZCTA5 77845","87391","6694",
"860Z200US77852","ZCTA5 77852","-","**",
"860Z200US77853","ZCTA5 77853","55238","17627",
"860Z200US77855","ZCTA5 77855","-","**",
"860Z200US77856","ZCTA5 77856","84940","23188",
"860Z200US77857","ZCTA5 77857","55417","11220",
"860Z200US77859","ZCTA5 77859","49817","8987",
"860Z200US77861","ZCTA5 77861","67113","18487",
"860Z200US77863","ZCTA5 77863","-","**",
"860Z200US77864","ZCTA5 77864","67574","6211",
"860Z200US77865","ZCTA5 77865","84602","36502",
"860Z200US77866","ZCTA5 77866","-","**",
"860Z200US77867","ZCTA5 77867","29531","16297",
"860Z200US77868","ZCTA5 77868","59534","7375",
"860Z200US77871","ZCTA5 77871","56544","16075",
"860Z200US77872","ZCTA5 77872","76250","19016",
"860Z200US77873","ZCTA5 77873","76705","36816",
"860Z200US77875","ZCTA5 77875","-","**",
"860Z200US77876","ZCTA5 77876","67457","2279",
"860Z200US77878","ZCTA5 77878","47403","31304",
"860Z200US77879","ZCTA5 77879","69636","5194",
"860Z200US77880","ZCTA5 77880","87324","26574",
"860Z200US77882","ZCTA5 77882","-","**",
"860Z200US77901","ZCTA5 77901","52823","5643",
"860Z200US77904","ZCTA5 77904","85410","4732",
"860Z200US77905","ZCTA5 77905","77146","6178",
"860Z200US77950","ZCTA5 77950","55455","18581",
"860Z200US77951","ZCTA5 77951","24331","17124",
"860Z200US77954","ZCTA5 77954","61382","4393",
"860Z200US77957","ZCTA5 77957","63750","10955",
"860Z200US77960","ZCTA5 77960","-","**",
"860Z200US77961","ZCTA5 77961","-","**",
"860Z200US77962","ZCTA5 77962","79004","14005",
"860Z200US77963","ZCTA5 77963","55313","3993",
"860Z200US77964","ZCTA5 77964","60435","6681",
"860Z200US77968","ZCTA5 77968","77794","26047",
"860Z200US77969","ZCTA5 77969","78125","14482",
"860Z200US77970","ZCTA5 77970","83542","67208",
"860Z200US77971","ZCTA5 77971","56124","18463",
"860Z200US77973","ZCTA5 77973","-","**",
"860Z200US77974","ZCTA5 77974","59000","16569",
"860Z200US77975","ZCTA5 77975","55533","5636",
"860Z200US77976","ZCTA5 77976","-","**",
"860Z200US77977","ZCTA5 77977","22500","14426",
"860Z200US77978","ZCTA5 77978","90625","27548",
"860Z200US77979","ZCTA5 77979","60782","5250",
"860Z200US77982","ZCTA5 77982","91150","34763",
"860Z200US77983","ZCTA5 77983","80541","28066",
"860Z200US77984","ZCTA5 77984","84177","12859",
"860Z200US77986","ZCTA5 77986","-","**",
"860Z200US77987","ZCTA5 77987","109375","83657",
"860Z200US77988","ZCTA5 77988","61913","16742",
"860Z200US77990","ZCTA5 77990","74250","24968",
"860Z200US77991","ZCTA5 77991","119531","79053",
"860Z200US77993","ZCTA5 77993","-","**",
"860Z200US77994","ZCTA5 77994","81544","25099",
"860Z200US77995","ZCTA5 77995","54300","9348",
"860Z200US78001","ZCTA5 78001","-","**",
"860Z200US78002","ZCTA5 78002","64792","5742",
"860Z200US78003","ZCTA5 78003","63052","15832",
"860Z200US78004","ZCTA5 78004","137598","15967",
"860Z200US78005","ZCTA5 78005","66093","1319",
"860Z200US78006","ZCTA5 78006","107803","10193",
"860Z200US78007","ZCTA5 78007","62143","44205",
"860Z200US78008","ZCTA5 78008","-","**",
"860Z200US78009","ZCTA5 78009","98732","9503",
"860Z200US78010","ZCTA5 78010","73682","12824",
"860Z200US78011","ZCTA5 78011","27193","18112",
"860Z200US78012","ZCTA5 78012","46000","28380",
"860Z200US78013","ZCTA5 78013","75838","21383",
"860Z200US78014","ZCTA5 78014","67994","12993",
"860Z200US78015","ZCTA5 78015","146838","18940",
"860Z200US78016","ZCTA5 78016","56205","3885",
"860Z200US78017","ZCTA5 78017","72188","30598",
"860Z200US78019","ZCTA5 78019","49306","15145",
"860Z200US78021","ZCTA5 78021","-","**",
"860Z200US78022","ZCTA5 78022","57833","10703",
"860Z200US78023","ZCTA5 78023","129145","6110",
"860Z200US78024","ZCTA5 78024","71386","20497",
"860Z200US78025","ZCTA5 78025","64340","9286",
"860Z200US78026","ZCTA5 78026","74047","8508",
"860Z200US78027","ZCTA5 78027","103194","31998",
"860Z200US78028","ZCTA5 78028","64768","4283",
"860Z200US78029","ZCTA5 78029","-","**",
"860Z200US78039","ZCTA5 78039","69669","21114",
"860Z200US78040","ZCTA5 78040","33819","4184",
"860Z200US78041","ZCTA5 78041","61696","4071",
"860Z200US78043","ZCTA5 78043","54816","4282",
"860Z200US78044","ZCTA5 78044","-","**",
"860Z200US78045","ZCTA5 78045","85219","4883",
"860Z200US78046","ZCTA5 78046","51667","4304",
"860Z200US78050","ZCTA5 78050","92679","25680",
"860Z200US78052","ZCTA5 78052","69583","15751",
"860Z200US78055","ZCTA5 78055","67560","15661",
"860Z200US78056","ZCTA5 78056","115885","14897",
"860Z200US78057","ZCTA5 78057","-","**",
"860Z200US78058","ZCTA5 78058","98661","31868",
"860Z200US78059","ZCTA5 78059","72648","9086",
"860Z200US78061","ZCTA5 78061","45783","12480",
"860Z200US78062","ZCTA5 78062","-","**",
"860Z200US78063","ZCTA5 78063","78149","7606",
"860Z200US78064","ZCTA5 78064","71180","7418",
"860Z200US78065","ZCTA5 78065","59450","10970",
"860Z200US78066","ZCTA5 78066","88532","1017",
"860Z200US78067","ZCTA5 78067","69181","40230",
"860Z200US78069","ZCTA5 78069","73355","14124",
"860Z200US78070","ZCTA5 78070","99219","9392",
"860Z200US78071","ZCTA5 78071","45426","18684",
"860Z200US78072","ZCTA5 78072","53056","28097",
"860Z200US78073","ZCTA5 78073","64375","10721",
"860Z200US78074","ZCTA5 78074","-","**",
"860Z200US78075","ZCTA5 78075","-","**",
"860Z200US78076","ZCTA5 78076","34779","3342",
"860Z200US78101","ZCTA5 78101","83052","10747",
"860Z200US78102","ZCTA5 78102","51147","5735",
"860Z200US78104","ZCTA5 78104","66771","36590",
"860Z200US78107","ZCTA5 78107","-","**",
"860Z200US78108","ZCTA5 78108","111863","8031",
"860Z200US78109","ZCTA5 78109","81152","6180",
"860Z200US78111","ZCTA5 78111","-","**",
"860Z200US78112","ZCTA5 78112","55481","11979",
"860Z200US78113","ZCTA5 78113","87865","10716",
"860Z200US78114","ZCTA5 78114","83511","7374",
"860Z200US78116","ZCTA5 78116","-","**",
"860Z200US78117","ZCTA5 78117","84479","64046",
"860Z200US78118","ZCTA5 78118","61577","15378",
"860Z200US78119","ZCTA5 78119","-","**",
"860Z200US78121","ZCTA5 78121","114338","11474",
"860Z200US78122","ZCTA5 78122","148125","126601",
"860Z200US78123","ZCTA5 78123","92004","26043",
"860Z200US78124","ZCTA5 78124","78571","10136",
"860Z200US78125","ZCTA5 78125","24167","9002",
"860Z200US78130","ZCTA5 78130","82896","6343",
"860Z200US78132","ZCTA5 78132","119561","8783",
"860Z200US78133","ZCTA5 78133","78674","14228",
"860Z200US78140","ZCTA5 78140","66940","8009",
"860Z200US78141","ZCTA5 78141","45104","13465",
"860Z200US78142","ZCTA5 78142","36042","34249",
"860Z200US78143","ZCTA5 78143","-","**",
"860Z200US78144","ZCTA5 78144","-","**",
"860Z200US78145","ZCTA5 78145","45313","19911",
"860Z200US78146","ZCTA5 78146","-","**",
"860Z200US78147","ZCTA5 78147","69917","9390",
"860Z200US78148","ZCTA5 78148","71368","4333",
"860Z200US78150","ZCTA5 78150","-","**",
"860Z200US78151","ZCTA5 78151","38225","9364",
"860Z200US78152","ZCTA5 78152","113205","20791",
"860Z200US78154","ZCTA5 78154","95422","6258",
"860Z200US78155","ZCTA5 78155","68430","4131",
"860Z200US78159","ZCTA5 78159","32000","12493",
"860Z200US78160","ZCTA5 78160","81649","13450",
"860Z200US78161","ZCTA5 78161","52552","36608",
"860Z200US78162","ZCTA5 78162","44091","26456",
"860Z200US78163","ZCTA5 78163","127650","21766",
"860Z200US78164","ZCTA5 78164","58750","17277",
"860Z200US78201","ZCTA5 78201","40356","3326",
"860Z200US78202","ZCTA5 78202","39759","5605",
"860Z200US78203","ZCTA5 78203","32500","6522",
"860Z200US78204","ZCTA5 78204","47620","12236",
"860Z200US78205","ZCTA5 78205","36746","21301",
"860Z200US78207","ZCTA5 78207","28500","2389",
"860Z200US78208","ZCTA5 78208","23864","10459",
"860Z200US78209","ZCTA5 78209","79914","3800",
"860Z200US78210","ZCTA5 78210","50169","3838",
"860Z200US78211","ZCTA5 78211","50183","4565",
"860Z200US78212","ZCTA5 78212","58029","4247",
"860Z200US78213","ZCTA5 78213","51118","3682",
"860Z200US78214","ZCTA5 78214","38591","6341",
"860Z200US78215","ZCTA5 78215","77725","7706",
"860Z200US78216","ZCTA5 78216","54394","3303",
"860Z200US78217","ZCTA5 78217","53795","4316",
"860Z200US78218","ZCTA5 78218","52151","3883",
"860Z200US78219","ZCTA5 78219","49534","5202",
"860Z200US78220","ZCTA5 78220","39694","5141",
"860Z200US78221","ZCTA5 78221","57209","5282",
"860Z200US78222","ZCTA5 78222","66836","9428",
"860Z200US78223","ZCTA5 78223","45687","3221",
"860Z200US78224","ZCTA5 78224","53841","7939",
"860Z200US78225","ZCTA5 78225","43883","14720",
"860Z200US78226","ZCTA5 78226","30669","7512",
"860Z200US78227","ZCTA5 78227","45396","3221",
"860Z200US78228","ZCTA5 78228","46736","3471",
"860Z200US78229","ZCTA5 78229","44574","2795",
"860Z200US78230","ZCTA5 78230","69171","5764",
"860Z200US78231","ZCTA5 78231","106719","8957",
"860Z200US78232","ZCTA5 78232","85029","4387",
"860Z200US78233","ZCTA5 78233","68157","5119",
"860Z200US78234","ZCTA5 78234","85903","21815",
"860Z200US78235","ZCTA5 78235","60202","6764",
"860Z200US78236","ZCTA5 78236","73750","36999",
"860Z200US78237","ZCTA5 78237","38447","1910",
"860Z200US78238","ZCTA5 78238","54287","2454",
"860Z200US78239","ZCTA5 78239","71721","5543",
"860Z200US78240","ZCTA5 78240","61241","3624",
"860Z200US78242","ZCTA5 78242","45589","4070",
"860Z200US78243","ZCTA5 78243","-","**",
"860Z200US78244","ZCTA5 78244","64968","3624",
"860Z200US78245","ZCTA5 78245","83005","5954",
"860Z200US78247","ZCTA5 78247","84283","3776",
"860Z200US78248","ZCTA5 78248","125089","10079",
"860Z200US78249","ZCTA5 78249","78836","4059",
"860Z200US78250","ZCTA5 78250","80403","4112",
"860Z200US78251","ZCTA5 78251","74572","4319",
"860Z200US78252","ZCTA5 78252","80270","7904",
"860Z200US78253","ZCTA5 78253","104951","6435",
"860Z200US78254","ZCTA5 78254","108322","4898",
"860Z200US78255","ZCTA5 78255","149188","17212",
"860Z200US78256","ZCTA5 78256","70177","8666",
"860Z200US78257","ZCTA5 78257","74437","15285",
"860Z200US78258","ZCTA5 78258","110635","6513",
"860Z200US78259","ZCTA5 78259","98399","10775",
"860Z200US78260","ZCTA5 78260","136602","9283",
"860Z200US78261","ZCTA5 78261","127813","10845",
"860Z200US78263","ZCTA5 78263","91224","14076",
"860Z200US78264","ZCTA5 78264","48870","21300",
"860Z200US78266","ZCTA5 78266","132024","25035",
"860Z200US78330","ZCTA5 78330","53077","18132",
"860Z200US78332","ZCTA5 78332","44499","7765",
"860Z200US78336","ZCTA5 78336","57699","5987",
"860Z200US78338","ZCTA5 78338","-","**",
"860Z200US78339","ZCTA5 78339","-","**",
"860Z200US78340","ZCTA5 78340","52857","1875",
"860Z200US78341","ZCTA5 78341","55469","37767",
"860Z200US78342","ZCTA5 78342","50125","32831",
"860Z200US78343","ZCTA5 78343","56150","19617",
"860Z200US78344","ZCTA5 78344","80583","34643",
"860Z200US78347","ZCTA5 78347","-","**",
"860Z200US78349","ZCTA5 78349","33750","20995",
"860Z200US78351","ZCTA5 78351","35697","19580",
"860Z200US78352","ZCTA5 78352","-","**",
"860Z200US78353","ZCTA5 78353","36477","34847",
"860Z200US78355","ZCTA5 78355","30874","10753",
"860Z200US78357","ZCTA5 78357","61875","22918",
"860Z200US78358","ZCTA5 78358","45859","42933",
"860Z200US78359","ZCTA5 78359","34691","5595",
"860Z200US78360","ZCTA5 78360","-","**",
"860Z200US78361","ZCTA5 78361","42292","5770",
"860Z200US78362","ZCTA5 78362","75384","6727",
"860Z200US78363","ZCTA5 78363","51908","5415",
"860Z200US78368","ZCTA5 78368","40153","4500",
"860Z200US78369","ZCTA5 78369","-","**",
"860Z200US78370","ZCTA5 78370","61350","18731",
"860Z200US78371","ZCTA5 78371","39063","28896",
"860Z200US78372","ZCTA5 78372","52083","19598",
"860Z200US78373","ZCTA5 78373","80250","24753",
"860Z200US78374","ZCTA5 78374","82791","9565",
"860Z200US78375","ZCTA5 78375","46529","1360",
"860Z200US78376","ZCTA5 78376","61346","35417",
"860Z200US78377","ZCTA5 78377","45884","12138",
"860Z200US78379","ZCTA5 78379","66019","6159",
"860Z200US78380","ZCTA5 78380","57188","10643",
"860Z200US78382","ZCTA5 78382","59131","7404",
"860Z200US78383","ZCTA5 78383","68996","31921",
"860Z200US78384","ZCTA5 78384","44324","8546",
"860Z200US78385","ZCTA5 78385","45455","11419",
"860Z200US78387","ZCTA5 78387","47951","8087",
"860Z200US78389","ZCTA5 78389","41295","12182",
"860Z200US78390","ZCTA5 78390","62500","18091",
"860Z200US78391","ZCTA5 78391","67857","52968",
"860Z200US78393","ZCTA5 78393","57440","9211",
"860Z200US78401","ZCTA5 78401","29968","9679",
"860Z200US78402","ZCTA5 78402","52560","19316",
"860Z200US78404","ZCTA5 78404","56488","7148",
"860Z200US78405","ZCTA5 78405","34063","1801",
"860Z200US78406","ZCTA5 78406","49653","39789",
"860Z200US78407","ZCTA5 78407","50933","8236",
"860Z200US78408","ZCTA5 78408","40910","4985",
"860Z200US78409","ZCTA5 78409","62926","11010",
"860Z200US78410","ZCTA5 78410","82467","5407",
"860Z200US78411","ZCTA5 78411","58667","4934",
"860Z200US78412","ZCTA5 78412","57503","4232",
"860Z200US78413","ZCTA5 78413","72849","6801",
"860Z200US78414","ZCTA5 78414","95423","3996",
"860Z200US78415","ZCTA5 78415","51970","4860",
"860Z200US78416","ZCTA5 78416","44320","5059",
"860Z200US78417","ZCTA5 78417","56325","14565",
"860Z200US78418","ZCTA5 78418","89769","4896",
"860Z200US78419","ZCTA5 78419","77750","34260",
"860Z200US78501","ZCTA5 78501","47809","3485",
"860Z200US78503","ZCTA5 78503","44879","5298",
"860Z200US78504","ZCTA5 78504","71648","4548",
"860Z200US78516","ZCTA5 78516","50282","7123",
"860Z200US78520","ZCTA5 78520","45093","3112",
"860Z200US78521","ZCTA5 78521","38633","2380",
"860Z200US78526","ZCTA5 78526","66339","3219",
"860Z200US78535","ZCTA5 78535","37838","14105",
"860Z200US78536","ZCTA5 78536","41136","7697",
"860Z200US78537","ZCTA5 78537","35214","3686",
"860Z200US78538","ZCTA5 78538","41081","8146",
"860Z200US78539","ZCTA5 78539","60202","10803",
"860Z200US78540","ZCTA5 78540","-","**",
"860Z200US78541","ZCTA5 78541","45738","5041",
"860Z200US78542","ZCTA5 78542","51979","4479",
"860Z200US78543","ZCTA5 78543","46624","5708",
"860Z200US78545","ZCTA5 78545","21875","3737",
"860Z200US78547","ZCTA5 78547","11125","928",
"860Z200US78548","ZCTA5 78548","39306","15541",
"860Z200US78549","ZCTA5 78549","-","**",
"860Z200US78550","ZCTA5 78550","46341","3047",
"860Z200US78552","ZCTA5 78552","62235","6544",
"860Z200US78557","ZCTA5 78557","45919","4088",
"860Z200US78558","ZCTA5 78558","-","**",
"860Z200US78559","ZCTA5 78559","42861","6004",
"860Z200US78560","ZCTA5 78560","51637","31066",
"860Z200US78561","ZCTA5 78561","26339","13876",
"860Z200US78562","ZCTA5 78562","58846","31575",
"860Z200US78563","ZCTA5 78563","65476","34079",
"860Z200US78564","ZCTA5 78564","-","**",
"860Z200US78565","ZCTA5 78565","-","**",
"860Z200US78566","ZCTA5 78566","55121","10958",
"860Z200US78567","ZCTA5 78567","36250","11315",
"860Z200US78569","ZCTA5 78569","53150","22113",
"860Z200US78570","ZCTA5 78570","38396","6051",
"860Z200US78572","ZCTA5 78572","50562","3664",
"860Z200US78573","ZCTA5 78573","47038","5046",
"860Z200US78574","ZCTA5 78574","45379","4037",
"860Z200US78575","ZCTA5 78575","69971","9399",
"860Z200US78576","ZCTA5 78576","39956","15768",
"860Z200US78577","ZCTA5 78577","44871","5409",
"860Z200US78578","ZCTA5 78578","49396","10115",
"860Z200US78579","ZCTA5 78579","27941","25623",
"860Z200US78580","ZCTA5 78580","44362","5966",
"860Z200US78582","ZCTA5 78582","40221","3624",
"860Z200US78583","ZCTA5 78583","59217","8361",
"860Z200US78584","ZCTA5 78584","29398","4458",
"860Z200US78585","ZCTA5 78585","-","**",
"860Z200US78586","ZCTA5 78586","42515","2712",
"860Z200US78588","ZCTA5 78588","-","**",
"860Z200US78589","ZCTA5 78589","50099","2971",
"860Z200US78590","ZCTA5 78590","32857","14782",
"860Z200US78591","ZCTA5 78591","-","**",
"860Z200US78592","ZCTA5 78592","30156","22976",
"860Z200US78593","ZCTA5 78593","34773","9582",
"860Z200US78594","ZCTA5 78594","23258","3720",
"860Z200US78595","ZCTA5 78595","46125","22193",
"860Z200US78596","ZCTA5 78596","53097","5308",
"860Z200US78597","ZCTA5 78597","62557","12900",
"860Z200US78598","ZCTA5 78598","23523","22444",
"860Z200US78599","ZCTA5 78599","56566","6016",
"860Z200US78602","ZCTA5 78602","82500","12083",
"860Z200US78605","ZCTA5 78605","79092","14475",
"860Z200US78606","ZCTA5 78606","89688","18195",
"860Z200US78607","ZCTA5 78607","54531","27504",
"860Z200US78608","ZCTA5 78608","90500","52350",
"860Z200US78609","ZCTA5 78609","67578","14417",
"860Z200US78610","ZCTA5 78610","103562","7034",
"860Z200US78611","ZCTA5 78611","74098","6784",
"860Z200US78612","ZCTA5 78612","81275","7192",
"860Z200US78613","ZCTA5 78613","116893","4186",
"860Z200US78614","ZCTA5 78614","58553","49150",
"860Z200US78615","ZCTA5 78615","73462","15900",
"860Z200US78616","ZCTA5 78616","68191","9041",
"860Z200US78617","ZCTA5 78617","74773","9723",
"860Z200US78618","ZCTA5 78618","84688","27199",
"860Z200US78619","ZCTA5 78619","171398","45116",
"860Z200US78620","ZCTA5 78620","138639","8774",
"860Z200US78621","ZCTA5 78621","92103","7060",
"860Z200US78622","ZCTA5 78622","64583","34402",
"860Z200US78623","ZCTA5 78623","100000","16044",
"860Z200US78624","ZCTA5 78624","71082","4861",
"860Z200US78626","ZCTA5 78626","94927","8021",
"860Z200US78628","ZCTA5 78628","111491","3442",
"860Z200US78629","ZCTA5 78629","64807","6153",
"860Z200US78631","ZCTA5 78631","66875","18578",
"860Z200US78632","ZCTA5 78632","63173","57856",
"860Z200US78633","ZCTA5 78633","95510","6028",
"860Z200US78634","ZCTA5 78634","105023","3819",
"860Z200US78635","ZCTA5 78635","-","**",
"860Z200US78636","ZCTA5 78636","65313","26259",
"860Z200US78638","ZCTA5 78638","60000","27442",
"860Z200US78639","ZCTA5 78639","55870","7814",
"860Z200US78640","ZCTA5 78640","83735","3598",
"860Z200US78641","ZCTA5 78641","124614","4941",
"860Z200US78642","ZCTA5 78642","117490","6750",
"860Z200US78643","ZCTA5 78643","64451","9571",
"860Z200US78644","ZCTA5 78644","70496","4632",
"860Z200US78645","ZCTA5 78645","107736","15481",
"860Z200US78648","ZCTA5 78648","55406","6518",
"860Z200US78650","ZCTA5 78650","62125","14030",
"860Z200US78652","ZCTA5 78652","126333","25102",
"860Z200US78653","ZCTA5 78653","95651","8407",
"860Z200US78654","ZCTA5 78654","65503","5313",
"860Z200US78655","ZCTA5 78655","53750","34110",
"860Z200US78656","ZCTA5 78656","56923","39065",
"860Z200US78657","ZCTA5 78657","81518","14483",
"860Z200US78658","ZCTA5 78658","-","**",
"860Z200US78659","ZCTA5 78659","82635","27470",
"860Z200US78660","ZCTA5 78660","105874","3875",
"860Z200US78661","ZCTA5 78661","-","**",
"860Z200US78662","ZCTA5 78662","67756","38415",
"860Z200US78663","ZCTA5 78663","150593","95702",
"860Z200US78664","ZCTA5 78664","83599","6380",
"860Z200US78665","ZCTA5 78665","113365","5694",
"860Z200US78666","ZCTA5 78666","52432","2699",
"860Z200US78669","ZCTA5 78669","125600","16424",
"860Z200US78670","ZCTA5 78670","82589","20393",
"860Z200US78671","ZCTA5 78671","32093","23763",
"860Z200US78672","ZCTA5 78672","46033","10473",
"860Z200US78674","ZCTA5 78674","89500","32079",
"860Z200US78675","ZCTA5 78675","33068","10688",
"860Z200US78676","ZCTA5 78676","86122","15647",
"860Z200US78677","ZCTA5 78677","-","**",
"860Z200US78681","ZCTA5 78681","123948","7441",
"860Z200US78701","ZCTA5 78701","148049","22272",
"860Z200US78702","ZCTA5 78702","87342","12132",
"860Z200US78703","ZCTA5 78703","139617","13675",
"860Z200US78704","ZCTA5 78704","89258","5913",
"860Z200US78705","ZCTA5 78705","24126","3318",
"860Z200US78712","ZCTA5 78712","-","**",
"860Z200US78717","ZCTA5 78717","136960","5301",
"860Z200US78719","ZCTA5 78719","53712","18406",
"860Z200US78721","ZCTA5 78721","80573","14796",
"860Z200US78722","ZCTA5 78722","92543","9537",
"860Z200US78723","ZCTA5 78723","81986","7220",
"860Z200US78724","ZCTA5 78724","69925","10804",
"860Z200US78725","ZCTA5 78725","94603","16932",
"860Z200US78726","ZCTA5 78726","96352","25927",
"860Z200US78727","ZCTA5 78727","104347","7977",
"860Z200US78728","ZCTA5 78728","70092","5631",
"860Z200US78729","ZCTA5 78729","78889","7452",
"860Z200US78730","ZCTA5 78730","141794","29711",
"860Z200US78731","ZCTA5 78731","98555","7843",
"860Z200US78732","ZCTA5 78732","187286","21799",
"860Z200US78733","ZCTA5 78733","193786","29062",
"860Z200US78734","ZCTA5 78734","125074","9460",
"860Z200US78735","ZCTA5 78735","118593","8199",
"860Z200US78736","ZCTA5 78736","96385","13404",
"860Z200US78737","ZCTA5 78737","151635","9110",
"860Z200US78738","ZCTA5 78738","158194","27895",
"860Z200US78739","ZCTA5 78739","205821","16586",
"860Z200US78741","ZCTA5 78741","59049","5269",
"860Z200US78742","ZCTA5 78742","67500","10902",
"860Z200US78744","ZCTA5 78744","74702","3410",
"860Z200US78745","ZCTA5 78745","80437","2689",
"860Z200US78746","ZCTA5 78746","174367","16727",
"860Z200US78747","ZCTA5 78747","90704","6220",
"860Z200US78748","ZCTA5 78748","94143","6032",
"860Z200US78749","ZCTA5 78749","118174","11379",
"860Z200US78750","ZCTA5 78750","118186","12310",
"860Z200US78751","ZCTA5 78751","75972","6171",
"860Z200US78752","ZCTA5 78752","62931","7505",
"860Z200US78753","ZCTA5 78753","60045","3434",
"860Z200US78754","ZCTA5 78754","88382","10752",
"860Z200US78756","ZCTA5 78756","97264","10277",
"860Z200US78757","ZCTA5 78757","96667","9669",
"860Z200US78758","ZCTA5 78758","68322","3892",
"860Z200US78759","ZCTA5 78759","97688","6813",
"860Z200US78801","ZCTA5 78801","54375","10545",
"860Z200US78802","ZCTA5 78802","-","**",
"860Z200US78827","ZCTA5 78827","28438","11427",
"860Z200US78828","ZCTA5 78828","66250","27083",
"860Z200US78829","ZCTA5 78829","35132","24769",
"860Z200US78830","ZCTA5 78830","32188","12896",
"860Z200US78832","ZCTA5 78832","52386","23728",
"860Z200US78833","ZCTA5 78833","38250","11196",
"860Z200US78834","ZCTA5 78834","26508","19826",
"860Z200US78836","ZCTA5 78836","67396","31161",
"860Z200US78837","ZCTA5 78837","-","**",
"860Z200US78838","ZCTA5 78838","-","**",
"860Z200US78839","ZCTA5 78839","57083","20117",
"860Z200US78840","ZCTA5 78840","57201","4683",
"860Z200US78841","ZCTA5 78841","-","**",
"860Z200US78842","ZCTA5 78842","-","**",
"860Z200US78843","ZCTA5 78843","-","**",
"860Z200US78850","ZCTA5 78850","75667","19516",
"860Z200US78851","ZCTA5 78851","-","**",
"860Z200US78852","ZCTA5 78852","48911","5197",
"860Z200US78860","ZCTA5 78860","-","**",
"860Z200US78861","ZCTA5 78861","60216","6123",
"860Z200US78870","ZCTA5 78870","70411","5323",
"860Z200US78871","ZCTA5 78871","-","**",
"860Z200US78872","ZCTA5 78872","38063","8356",
"860Z200US78873","ZCTA5 78873","59091","26677",
"860Z200US78877","ZCTA5 78877","39785","13183",
"860Z200US78879","ZCTA5 78879","71250","11589",
"860Z200US78880","ZCTA5 78880","36563","11868",
"860Z200US78881","ZCTA5 78881","34259","14298",
"860Z200US78883","ZCTA5 78883","72539","24283",
"860Z200US78884","ZCTA5 78884","73583","19471",
"860Z200US78885","ZCTA5 78885","78750","38059",
"860Z200US78886","ZCTA5 78886","118125","113977",
"860Z200US78931","ZCTA5 78931","-","**",
"860Z200US78932","ZCTA5 78932","68214","42440",
"860Z200US78933","ZCTA5 78933","68125","22642",
"860Z200US78934","ZCTA5 78934","64375","9493",
"860Z200US78935","ZCTA5 78935","-","**",
"860Z200US78938","ZCTA5 78938","62917","8300",
"860Z200US78940","ZCTA5 78940","86604","8157",
"860Z200US78941","ZCTA5 78941","70588","12342",
"860Z200US78942","ZCTA5 78942","66184","12441",
"860Z200US78943","ZCTA5 78943","-","**",
"860Z200US78944","ZCTA5 78944","119038","53446",
"860Z200US78945","ZCTA5 78945","70035","6351",
"860Z200US78946","ZCTA5 78946","70458","17812",
"860Z200US78947","ZCTA5 78947","73984","13328",
"860Z200US78948","ZCTA5 78948","-","**",
"860Z200US78949","ZCTA5 78949","86410","26733",
"860Z200US78950","ZCTA5 78950","98391","14923",
"860Z200US78951","ZCTA5 78951","-","**",
"860Z200US78953","ZCTA5 78953","84802","45196",
"860Z200US78954","ZCTA5 78954","97857","15395",
"860Z200US78956","ZCTA5 78956","65744","10374",
"860Z200US78957","ZCTA5 78957","63732","9577",
"860Z200US78959","ZCTA5 78959","57610","9051",
"860Z200US78962","ZCTA5 78962","71755","4600",
"860Z200US78963","ZCTA5 78963","87105","49065",
"860Z200US79001","ZCTA5 79001","128750","86068",
"860Z200US79002","ZCTA5 79002","93750","16143",
"860Z200US79003","ZCTA5 79003","86250","46111",
"860Z200US79005","ZCTA5 79005","67462","8585",
"860Z200US79007","ZCTA5 79007","58524","5550",
"860Z200US79008","ZCTA5 79008","-","**",
"860Z200US79009","ZCTA5 79009","40908","2040",
"860Z200US79010","ZCTA5 79010","97708","90880",
"860Z200US79011","ZCTA5 79011","80125","34032",
"860Z200US79012","ZCTA5 79012","-","**",
"860Z200US79013","ZCTA5 79013","49013","15176",
"860Z200US79014","ZCTA5 79014","67411","17936",
"860Z200US79015","ZCTA5 79015","86793","14188",
"860Z200US79016","ZCTA5 79016","-","**",
"860Z200US79018","ZCTA5 79018","54375","43578",
"860Z200US79019","ZCTA5 79019","70167","13950",
"860Z200US79021","ZCTA5 79021","74375","72889",
"860Z200US79022","ZCTA5 79022","75880","9423",
"860Z200US79024","ZCTA5 79024","68750","40896",
"860Z200US79025","ZCTA5 79025","-","**",
"860Z200US79027","ZCTA5 79027","63933","12942",
"860Z200US79029","ZCTA5 79029","65101","9572",
"860Z200US79031","ZCTA5 79031","50455","18272",
"860Z200US79032","ZCTA5 79032","48194","17863",
"860Z200US79033","ZCTA5 79033","-","**",
"860Z200US79034","ZCTA5 79034","80625","13344",
"860Z200US79035","ZCTA5 79035","77938","20784",
"860Z200US79036","ZCTA5 79036","72963","6411",
"860Z200US79039","ZCTA5 79039","52269","42911",
"860Z200US79040","ZCTA5 79040","77933","27184",
"860Z200US79041","ZCTA5 79041","55331","11782",
"860Z200US79042","ZCTA5 79042","56607","17545",
"860Z200US79043","ZCTA5 79043","53018","3545",
"860Z200US79044","ZCTA5 79044","52366","15997",
"860Z200US79045","ZCTA5 79045","52124","3053",
"860Z200US79046","ZCTA5 79046","91875","47622",
"860Z200US79051","ZCTA5 79051","-","**",
"860Z200US79052","ZCTA5 79052","57646","14570",
"860Z200US79053","ZCTA5 79053","40000","20788",
"860Z200US79054","ZCTA5 79054","68750","48012",
"860Z200US79056","ZCTA5 79056","-","**",
"860Z200US79057","ZCTA5 79057","66000","23761",
"860Z200US79058","ZCTA5 79058","-","**",
"860Z200US79059","ZCTA5 79059","59375","17465",
"860Z200US79061","ZCTA5 79061","81563","40923",
"860Z200US79062","ZCTA5 79062","-","**",
"860Z200US79063","ZCTA5 79063","72708","18350",
"860Z200US79064","ZCTA5 79064","60625","12574",
"860Z200US79065","ZCTA5 79065","54351","3999",
"860Z200US79066","ZCTA5 79066","-","**",
"860Z200US79068","ZCTA5 79068","84310","6891",
"860Z200US79070","ZCTA5 79070","62077","10079",
"860Z200US79072","ZCTA5 79072","49104","4212",
"860Z200US79073","ZCTA5 79073","-","**",
"860Z200US79078","ZCTA5 79078","-","**",
"860Z200US79079","ZCTA5 79079","50066","16994",
"860Z200US79080","ZCTA5 79080","39286","13425",
"860Z200US79081","ZCTA5 79081","63333","17679",
"860Z200US79082","ZCTA5 79082","-","**",
"860Z200US79083","ZCTA5 79083","56250","16729",
"860Z200US79084","ZCTA5 79084","53462","13449",
"860Z200US79085","ZCTA5 79085","-","**",
"860Z200US79086","ZCTA5 79086","56667","7184",
"860Z200US79087","ZCTA5 79087","63008","15756",
"860Z200US79088","ZCTA5 79088","32976","13095",
"860Z200US79091","ZCTA5 79091","-","**",
"860Z200US79092","ZCTA5 79092","72829","6644",
"860Z200US79093","ZCTA5 79093","75147","62510",
"860Z200US79094","ZCTA5 79094","-","**",
"860Z200US79095","ZCTA5 79095","51395","10584",
"860Z200US79096","ZCTA5 79096","66037","7569",
"860Z200US79097","ZCTA5 79097","113125","33463",
"860Z200US79098","ZCTA5 79098","38105","12735",
"860Z200US79101","ZCTA5 79101","38291","7961",
"860Z200US79102","ZCTA5 79102","47878","6943",
"860Z200US79103","ZCTA5 79103","53879","5122",
"860Z200US79104","ZCTA5 79104","45119","6401",
"860Z200US79106","ZCTA5 79106","50271","4292",
"860Z200US79107","ZCTA5 79107","38047","3205",
"860Z200US79108","ZCTA5 79108","60115","7388",
"860Z200US79109","ZCTA5 79109","67831","5554",
"860Z200US79110","ZCTA5 79110","63647","5245",
"860Z200US79111","ZCTA5 79111","67375","10853",
"860Z200US79118","ZCTA5 79118","82990","4823",
"860Z200US79119","ZCTA5 79119","94044","9232",
"860Z200US79121","ZCTA5 79121","73375","12291",
"860Z200US79124","ZCTA5 79124","101604","13207",
"860Z200US79201","ZCTA5 79201","55938","17274",
"860Z200US79220","ZCTA5 79220","45750","10911",
"860Z200US79223","ZCTA5 79223","-","**",
"860Z200US79225","ZCTA5 79225","69659","19895",
"860Z200US79226","ZCTA5 79226","49318","6101",
"860Z200US79227","ZCTA5 79227","42237","8243",
"860Z200US79229","ZCTA5 79229","42917","7869",
"860Z200US79230","ZCTA5 79230","48393","16079",
"860Z200US79231","ZCTA5 79231","-","**",
"860Z200US79233","ZCTA5 79233","-","**",
"860Z200US79234","ZCTA5 79234","78523","35141",
"860Z200US79235","ZCTA5 79235","48140","8503",
"860Z200US79236","ZCTA5 79236","59375","31047",
"860Z200US79237","ZCTA5 79237","78194","42249",
"860Z200US79239","ZCTA5 79239","31250","7542",
"860Z200US79240","ZCTA5 79240","125625","30051",
"860Z200US79241","ZCTA5 79241","54125","10803",
"860Z200US79243","ZCTA5 79243","26786","14998",
"860Z200US79244","ZCTA5 79244","71513","7999",
"860Z200US79245","ZCTA5 79245","44095","6404",
"860Z200US79247","ZCTA5 79247","-","**",
"860Z200US79248","ZCTA5 79248","37500","20133",
"860Z200US79250","ZCTA5 79250","43438","9742",
"860Z200US79251","ZCTA5 79251","-","**",
"860Z200US79252","ZCTA5 79252","59244","9888",
"860Z200US79255","ZCTA5 79255","49583","12613",
"860Z200US79256","ZCTA5 79256","36382","3619",
"860Z200US79257","ZCTA5 79257","32800","12125",
"860Z200US79258","ZCTA5 79258","-","**",
"860Z200US79259","ZCTA5 79259","-","**",
"860Z200US79261","ZCTA5 79261","57188","33423",
"860Z200US79311","ZCTA5 79311","63958","14974",
"860Z200US79312","ZCTA5 79312","53646","10744",
"860Z200US79313","ZCTA5 79313","57619","17669",
"860Z200US79314","ZCTA5 79314","-","**",
"860Z200US79316","ZCTA5 79316","41698","1914",
"860Z200US79322","ZCTA5 79322","49432","6447",
"860Z200US79323","ZCTA5 79323","71723","15544",
"860Z200US79324","ZCTA5 79324","-","**",
"860Z200US79325","ZCTA5 79325","74875","29915",
"860Z200US79326","ZCTA5 79326","-","**",
"860Z200US79329","ZCTA5 79329","69725","6913",
"860Z200US79330","ZCTA5 79330","121429","25110",
"860Z200US79331","ZCTA5 79331","42500","13904",
"860Z200US79336","ZCTA5 79336","51257","5121",
"860Z200US79339","ZCTA5 79339","49444","6767",
"860Z200US79342","ZCTA5 79342","98068","85674",
"860Z200US79343","ZCTA5 79343","61250","30207",
"860Z200US79344","ZCTA5 79344","-","**",
"860Z200US79345","ZCTA5 79345","64688","21512",
"860Z200US79346","ZCTA5 79346","39850","7640",
"860Z200US79347","ZCTA5 79347","70509","13844",
"860Z200US79350","ZCTA5 79350","44563","37447",
"860Z200US79351","ZCTA5 79351","60833","9325",
"860Z200US79353","ZCTA5 79353","111875","81757",
"860Z200US79355","ZCTA5 79355","79340","9118",
"860Z200US79356","ZCTA5 79356","52870","11279",
"860Z200US79357","ZCTA5 79357","55938","11260",
"860Z200US79358","ZCTA5 79358","75417","24354",
"860Z200US79359","ZCTA5 79359","53750","29162",
"860Z200US79360","ZCTA5 79360","81607","9282",
"860Z200US79363","ZCTA5 79363","77264","11186",
"860Z200US79364","ZCTA5 79364","57151","10971",
"860Z200US79366","ZCTA5 79366","120156","14615",
"860Z200US79367","ZCTA5 79367","44464","17521",
"860Z200US79369","ZCTA5 79369","-","**",
"860Z200US79370","ZCTA5 79370","46797","9341",
"860Z200US79371","ZCTA5 79371","68650","1104",
"860Z200US79372","ZCTA5 79372","61563","32300",
"860Z200US79373","ZCTA5 79373","50758","10306",
"860Z200US79376","ZCTA5 79376","-","**",
"860Z200US79377","ZCTA5 79377","36932","25100",
"860Z200US79378","ZCTA5 79378","112941","37529",
"860Z200US79379","ZCTA5 79379","58750","19044",
"860Z200US79380","ZCTA5 79380","51875","39173",
"860Z200US79381","ZCTA5 79381","63688","14066",
"860Z200US79382","ZCTA5 79382","82981","7947",
"860Z200US79383","ZCTA5 79383","-","**",
"860Z200US79401","ZCTA5 79401","23400","8496",
"860Z200US79402","ZCTA5 79402","-","**",
"860Z200US79403","ZCTA5 79403","41582","5151",
"860Z200US79404","ZCTA5 79404","45653","12588",
"860Z200US79406","ZCTA5 79406","-","**",
"860Z200US79407","ZCTA5 79407","61563","7208",
"860Z200US79410","ZCTA5 79410","44650","6058",
"860Z200US79411","ZCTA5 79411","39259","10133",
"860Z200US79412","ZCTA5 79412","44610","5412",
"860Z200US79413","ZCTA5 79413","65719","6844",
"860Z200US79414","ZCTA5 79414","48587","4377",
"860Z200US79415","ZCTA5 79415","37072","4564",
"860Z200US79416","ZCTA5 79416","65774","5712",
"860Z200US79423","ZCTA5 79423","82854","6393",
"860Z200US79424","ZCTA5 79424","91572","5653",
"860Z200US79501","ZCTA5 79501","53539","4980",
"860Z200US79502","ZCTA5 79502","65114","22635",
"860Z200US79503","ZCTA5 79503","90795","9283",
"860Z200US79504","ZCTA5 79504","66208","6957",
"860Z200US79505","ZCTA5 79505","38295","15289",
"860Z200US79506","ZCTA5 79506","39306","10078",
"860Z200US79508","ZCTA5 79508","74583","34800",
"860Z200US79510","ZCTA5 79510","64338","3569",
"860Z200US79511","ZCTA5 79511","81071","28306",
"860Z200US79512","ZCTA5 79512","49602","5045",
"860Z200US79517","ZCTA5 79517","63889","6391",
"860Z200US79518","ZCTA5 79518","-","**",
"860Z200US79519","ZCTA5 79519","152938","41369",
"860Z200US79520","ZCTA5 79520","52847","11334",
"860Z200US79521","ZCTA5 79521","60227","13116",
"860Z200US79525","ZCTA5 79525","67306","18258",
"860Z200US79526","ZCTA5 79526","66875","20666",
"860Z200US79527","ZCTA5 79527","80417","48662",
"860Z200US79528","ZCTA5 79528","69342","10218",
"860Z200US79529","ZCTA5 79529","35329","11951",
"860Z200US79530","ZCTA5 79530","51250","21872",
"860Z200US79532","ZCTA5 79532","50625","27347",
"860Z200US79533","ZCTA5 79533","41406","34120",
"860Z200US79534","ZCTA5 79534","91389","47625",
"860Z200US79535","ZCTA5 79535","53750","13511",
"860Z200US79536","ZCTA5 79536","67788","9794",
"860Z200US79537","ZCTA5 79537","43571","1425",
"860Z200US79538","ZCTA5 79538","-","**",
"860Z200US79539","ZCTA5 79539","55179","11878",
"860Z200US79540","ZCTA5 79540","100000","66818",
"860Z200US79541","ZCTA5 79541","58901","9477",
"860Z200US79543","ZCTA5 79543","63403","10301",
"860Z200US79544","ZCTA5 79544","56786","19849",
"860Z200US79545","ZCTA5 79545","51179","12605",
"860Z200US79546","ZCTA5 79546","49650","10956",
"860Z200US79547","ZCTA5 79547","29258","4844",
"860Z200US79548","ZCTA5 79548","53750","10844",
"860Z200US79549","ZCTA5 79549","57063","13589",
"860Z200US79553","ZCTA5 79553","48313","16211",
"860Z200US79556","ZCTA5 79556","47221","3823",
"860Z200US79560","ZCTA5 79560","-","**",
"860Z200US79561","ZCTA5 79561","71818","27125",
"860Z200US79562","ZCTA5 79562","117901","19500",
"860Z200US79563","ZCTA5 79563","53553","16398",
"860Z200US79565","ZCTA5 79565","115536","30794",
"860Z200US79566","ZCTA5 79566","46875","12928",
"860Z200US79567","ZCTA5 79567","47039","7403",
"860Z200US79601","ZCTA5 79601","53049","3367",
"860Z200US79602","ZCTA5 79602","78850","8159",
"860Z200US79603","ZCTA5 79603","52055","5288",
"860Z200US79605","ZCTA5 79605","56890","2425",
"860Z200US79606","ZCTA5 79606","73381","6231",
"860Z200US79607","ZCTA5 79607","58372","3732",
"860Z200US79699","ZCTA5 79699","-","**",
"860Z200US79701","ZCTA5 79701","57500","6868",
"860Z200US79703","ZCTA5 79703","88718","15072",
"860Z200US79705","ZCTA5 79705","95939","8845",
"860Z200US79706","ZCTA5 79706","99515","9238",
"860Z200US79707","ZCTA5 79707","99732","7368",
"860Z200US79713","ZCTA5 79713","69500","17412",
"860Z200US79714","ZCTA5 79714","86458","16116",
"860Z200US79718","ZCTA5 79718","31250","29534",
"860Z200US79719","ZCTA5 79719","29408","20588",
"860Z200US79720","ZCTA5 79720","66655","4276",
"860Z200US79721","ZCTA5 79721","-","**",
"860Z200US79730","ZCTA5 79730","-","**",
"860Z200US79731","ZCTA5 79731","71818","23401",
"860Z200US79733","ZCTA5 79733","73333","40828",
"860Z200US79734","ZCTA5 79734","43646","26145",
"860Z200US79735","ZCTA5 79735","59167","12247",
"860Z200US79738","ZCTA5 79738","80179","40214",
"860Z200US79739","ZCTA5 79739","125125","40030",
"860Z200US79741","ZCTA5 79741","100274","26600",
"860Z200US79742","ZCTA5 79742","75156","33215",
"860Z200US79743","ZCTA5 79743","105385","57873",
"860Z200US79744","ZCTA5 79744","54063","11832",
"860Z200US79745","ZCTA5 79745","85083","12729",
"860Z200US79748","ZCTA5 79748","80809","20978",
"860Z200US79749","ZCTA5 79749","-","**",
"860Z200US79752","ZCTA5 79752","45625","13522",
"860Z200US79754","ZCTA5 79754","-","**",
"860Z200US79755","ZCTA5 79755","136635","16344",
"860Z200US79756","ZCTA5 79756","72101","17020",
"860Z200US79758","ZCTA5 79758","130489","31069",
"860Z200US79759","ZCTA5 79759","-","**",
"860Z200US79761","ZCTA5 79761","66593","7199",
"860Z200US79762","ZCTA5 79762","76569","6249",
"860Z200US79763","ZCTA5 79763","54668","4649",
"860Z200US79764","ZCTA5 79764","77249","18598",
"860Z200US79765","ZCTA5 79765","96260","12265",
"860Z200US79766","ZCTA5 79766","71346","10920",
"860Z200US79769","ZCTA5 79769","-","**",
"860Z200US79770","ZCTA5 79770","-","**",
"860Z200US79772","ZCTA5 79772","57474","12909",
"860Z200US79776","ZCTA5 79776","-","**",
"860Z200US79777","ZCTA5 79777","-","**",
"860Z200US79778","ZCTA5 79778","68883","8897",
"860Z200US79780","ZCTA5 79780","-","**",
"860Z200US79781","ZCTA5 79781","65972","55370",
"860Z200US79782","ZCTA5 79782","73295","17933",
"860Z200US79783","ZCTA5 79783","158500","13808",
"860Z200US79785","ZCTA5 79785","-","**",
"860Z200US79788","ZCTA5 79788","71014","9236",
"860Z200US79789","ZCTA5 79789","111875","6498",
"860Z200US79821","ZCTA5 79821","55047","11653",
"860Z200US79830","ZCTA5 79830","50584","4649",
"860Z200US79832","ZCTA5 79832","-","**",
"860Z200US79834","ZCTA5 79834","46462","540",
"860Z200US79835","ZCTA5 79835","36778","4846",
"860Z200US79836","ZCTA5 79836","52129","7830",
"860Z200US79837","ZCTA5 79837","-","**",
"860Z200US79838","ZCTA5 79838","36366","21138",
"860Z200US79839","ZCTA5 79839","31863","4280",
"860Z200US79842","ZCTA5 79842","43064","7840",
"860Z200US79843","ZCTA5 79843","31452","11473",
"860Z200US79845","ZCTA5 79845","19650","11554",
"860Z200US79846","ZCTA5 79846","-","**",
"860Z200US79847","ZCTA5 79847","38864","11915",
"860Z200US79848","ZCTA5 79848","55469","9926",
"860Z200US79849","ZCTA5 79849","43801","5702",
"860Z200US79851","ZCTA5 79851","56563","28710",
"860Z200US79852","ZCTA5 79852","43112","7083",
"860Z200US79853","ZCTA5 79853","62167","20001",
"860Z200US79854","ZCTA5 79854","30806","8149",
"860Z200US79855","ZCTA5 79855","35326","21440",
"860Z200US79901","ZCTA5 79901","14142","1538",
"860Z200US79902","ZCTA5 79902","39414","5889",
"860Z200US79903","ZCTA5 79903","35750","5095",
"860Z200US79904","ZCTA5 79904","38476","3092",
"860Z200US79905","ZCTA5 79905","24618","2846",
"860Z200US79906","ZCTA5 79906","54326","6582",
"860Z200US79907","ZCTA5 79907","40962","2334",
"860Z200US79908","ZCTA5 79908","58929","15589",
"860Z200US79911","ZCTA5 79911","116536","27235",
"860Z200US79912","ZCTA5 79912","71324","4458",
"860Z200US79915","ZCTA5 79915","35278","3698",
"860Z200US79916","ZCTA5 79916","-","**",
"860Z200US79918","ZCTA5 79918","-","**",
"860Z200US79920","ZCTA5 79920","-","**",
"860Z200US79922","ZCTA5 79922","90278","35131",
"860Z200US79924","ZCTA5 79924","53555","2506",
"860Z200US79925","ZCTA5 79925","55357","5563",
"860Z200US79927","ZCTA5 79927","46581","3697",
"860Z200US79928","ZCTA5 79928","67016","4241",
"860Z200US79930","ZCTA5 79930","41953","3428",
"860Z200US79932","ZCTA5 79932","80383","11820",
"860Z200US79934","ZCTA5 79934","77010","6254",
"860Z200US79935","ZCTA5 79935","62018","5507",
"860Z200US79936","ZCTA5 79936","60981","2378",
"860Z200US79938","ZCTA5 79938","70806","4033",
"860Z200US88430","ZCTA5 88430","38092","11177",
